:020000040800F2
:10000000D82A00209D010008E1400008E1390008DD
:10001000313F0008F50C0008D590000800000000F2
:10002000000000000000000000000000D583000870
:100030001315000800000000D9660008A58A000812
:10004000B7010008B7010008B7010008B7010008B0
:10005000B7010008B7010008B7010008B7010008A0
:10006000B7010008B7010008B7010008B701000890
:10007000B7010008B7010008B7010008C91300085C
:10008000B7010008B7010008B7010008B701000870
:10009000B7010008B7010008B7010008B701000860
:1000A000B7010008B7010008B7010008B701000850
:1000B000B7010008B7010008B7010008B701000840
:1000C000B7010008B7010008B7010008B701000830
:1000D000B7010008C5900008B7010008B701000883
:1000E000B7010008B7010008B7010008B701000810
:1000F000B7010008798B0008B7010008B7010008B4
:10010000B7010008B7010008B7010008B7010008EF
:10011000B7010008B7010008B7010008B7010008DF
:10012000B7010008B7010008D9130008E913000857
:10013000B7010008B7010008B7010008B7010008BF
:10014000B7010008B7010008B7010008B7010008AF
:10015000B7010008B7010008F9130008B70100084B
:10016000B7010008B7010008B7010008B70100088F
:10017000B7010008B7010008B7010008000000003F
:10018000B7010008B7010008DFF80CD000F0B6FB9B
:100190000048004753A20008D82A0020064880479C
:1001A00006480047FEE7FEE7FEE7FEE7FEE7FEE75C
:1001B000FEE7FEE7FEE7FEE7658B00088901000821
:1001C0002DE9F05F0546002092469B46884606468C
:1001D000814640241BE0284641464746224600F01F
:1001E0008EFA53465A46C01A914110D3114618460A
:1001F000224600F075FA2D1A67EB01084F46224699
:100200000120002100F06CFA17EB00094E41201E7E
:10021000A4F10104DFDC484631462A464346BDE8E6
:10022000F09F40EA01039B0703D009E008C9121FB1
:1002300008C0042AFAD203E011F8013B00F8013BA0
:10024000521EF9D27047D2B201E000F8012B491ECC
:10025000FBD270470022F6E710B513460A46044663
:100260001946FFF7F0FF204610BD10B5002200E050
:10027000521C835C8C5CA34201D1002BF8D1D8B214
:10028000E1B2401A10BD2DE9FE4F804681EA03001D
:10029000C00F0C46009021F0004123F00045B8EB60
:1002A0000200A94105D24046214690461C460B4615
:1002B000024623F00040104347D0270DC7F30A0041
:1002C000C3F30A510290401A019040286BDAC3F33D
:1002D000130040F4801B0098924620B10023D2EB1B
:1002E000030A63EB0B0B01985946C0F140025046DC
:1002F00000F0F6F906460D4650465946019A00F0C0
:100300000EFA10EB08006141002487EA115284EADA
:10031000E7731A4340D0009A62B3019A012A4FEA68
:10032000075215DC001B61EB02014FF0004202EAAC
:100330000752CDE90042001C41F5801132462B46A0
:1003400000F045FA03B0BDE8F08F40462146F9E7DA
:10035000001B61EB0201001C41F5801300185B419A
:100360002018A2F5001747EB030140EAD570B61933
:100370006D4111E06D084FEA360645EAC0754FEA57
:100380000752001B61EB0201001C41F58011490876
:100390004FEA30000019514132462B4603B0BDE808
:1003A000F04F00F005BA0098012240000023D0EB86
:1003B000020263EBE073009821464FEAE074B8EB69
:1003C000000061EB0401E9E783F000435BE781F0A3
:1003D000004158E72DE9FE4F81EA030404F0004490
:1003E00021F0004100944FF0000B23F0004350EA4D
:1003F00001045ED052EA03045BD0C3F30A54C1F394
:100400000A552C44A4F2F3340194A0FB0254C1F326
:10041000130141F48011C3F3130343F4801301FB70
:10042000024400FB034E840A970A44EA815447EAD7
:100430008357A4FB076802958D0A05FB07854FEAE1
:10044000932C04FB0C542705029D4FEA065847EAFB
:100450001637B5EB08056EEB070C870E920E47EAD0
:10046000811742EA8312A7FB0201B6EB0B0164EB92
:1004700000042B0D43EA0C335E1844EB1C50DA46A3
:100480005146E7FB0201C5F313044FEA0B3343EA7D
:1004900014534FEA0432019C43EA0603A4F10C040E
:1004A0000294009CCDE900B400F091F903B0BDE8DE
:1004B000F08F00200146F9E72DE9F04D81EA0304B1
:1004C00004F0004B21F0004514464FF0000A23F0E1
:1004D000004150EA050220D054EA01021DD0C5F3C4
:1004E0000A570246C5F31303C1F31300C1F30A56BA
:1004F00040F4801543F48013A7EB0608101BD64682
:1005000008F2FD3873EB050002D308F1010801E0A1
:1005100092185B41B8F1000F03DA00200146BDE8F4
:10052000F08D00204FF48011064684460EE0171B24
:1005300073EB050705D3121B63EB050306434CEA77
:10054000010C49084FEA300092185B4150EA01075C
:10055000EDD152EA030012D082EA040083EA0501D9
:10056000084305D0101BAB4106D20122002306E050
:1005700000224FF0004302E06FF0010253101AEB2B
:1005800006004CEB085110EB0A0041EB0B01BDE8F3
:10059000F04D00F00DB90EB5C10F80EAE0700844CF
:1005A000CA07002140F233438DE80E000A460B468D
:1005B00000F00DF903B000BD70B5C1F30A5201F0AF
:1005C00000450024C1F3130140F2FF3341F48011D0
:1005D0009A4201DA002070BD40F233439A42A2F2FF
:1005E000334203DC524200F08AF800E090402C4392
:1005F000F1D0404270BD00F0004230F000400AD01F
:10060000C10D01F56071C0F3160042EA0151C20844
:1006100040071143704700200146704730B5041E63
:1006200071F1000404DB4FF00044404264EB01012F
:10063000141E73F1000405DB1C464FF000435242C8
:1006400063EB04038B4208BF824230BD30B5041E09
:1006500071F1000404DB4FF00044404264EB0101FF
:10066000141E73F1000405DB1C464FF00043524298
:1006700063EB0403994208BF904230BD01F0004390
:1006800030B421F0004150EA010206D00A0DA2F573
:100690006072C1F31301002A02DC30BC00207047F5
:1006A000440F44EAC104C100E01830BC00EBC25062
:1006B00000F047B830B50B46014600202022012447
:1006C00009E021FA02F59D4205D303FA02F5491B20
:1006D00004FA02F52844151EA2F10102F1DC30BD36
:1006E000202A04DB203A00FA02F1002070479140F2
:1006F000C2F1200320FA03F3194390407047202AE7
:1007000004DB203A21FA02F00021704721FA02F3BB
:10071000D040C2F120029140084319467047202A78
:1007200006DBCB17203A41FA02F043EAE07306E019
:1007300041FA02F3D040C2F1200291400843194629
:1007400070470029A8BF7047401C490008BF20F02F
:100750000100704710B4B0FA80FC00FA0CF050EAC7
:10076000010404BF10BC704749B1CCF1200421FA48
:1007700004F411FA0CF118BF012121430843A3EB43
:100780000C01CB1D4FEA00614FEA102042BF002050
:1007900010BC704700EBC35010440029A4BF10BC2C
:1007A0007047401C490008BF20F0010010BC704792
:1007B00010B5141E73F1000408DA401C41F1000169
:1007C00092185B411A4301D120F0010010BD2DE9C0
:1007D000F04D92469B4611B1B1FA81F202E0B0FAB7
:1007E00080F220329046FFF77BFF04460F4640EA36
:1007F0000A0041EA0B0153465A46084313D01146FA
:1008000053EA010019D0C8F140025046FFF777FFC4
:1008100005460E46504659464246FFF761FF0843DB
:1008200005D0012004E020463946BDE8F08D0020C7
:10083000054346EAE0762C4337430A986305E40A09
:10084000A0EB08000022FD0A44EA47540A3002D512
:1008500000200146E9E7010510196941DDE9084575
:1008600000196941BDE8F04DA2E7C1F30A52C1F396
:10087000130140F2FF3341F480119A4202DA002062
:100880000146704740F233439A42A2F2334202DCFF
:100890005242FFF734BFFFF723BF70B5044601F0A3
:1008A00000450020054304D14FF00045644265EB4C
:1008B000010103F00045284305D118464FF00043DD
:1008C000524263EB0003101B73EB010002D24FF0A6
:1008D000004009E082EA040283EA01034FF000507D
:1008E0001A4301D14FF0C0404FEA2062EFF300817C
:1008F00062F31F6181F3008870BD0000064C074D54
:1009000006E0E06840F0010394E8070098471034DF
:10091000AC42F6D3FFF73CFC6409010884090108E6
:1009200070B58C1810F8015B15F0070301D110F8B1
:10093000013B2A1106D110F8012B03E010F8016BDE
:1009400001F8016B5B1EF9D12B0705D40023521E61
:100950000DD401F8013BFAE710F8013BCB1A921CC9
:1009600003E013F8015B01F8015B521EF9D5A142C7
:10097000D8D3002070BD000000B52DED048B85B0EC
:100980009FED390A394880ED020A9FED390A80ED62
:10099000030A00F08DFB374880210023CDE90131A7
:1009A000324A0093CDE9031092ED010ABDEEC00A70
:1009B00010EE102A11B22D4A92ED000ABDEEC00AC7
:1009C00010EE102A10B24023202205F0F1F92A4837
:1009D00090ED000AD0ED020A30EE600A10EE101A17
:1009E0000846FFF708FE41EC190BB0EE490AF0EE9D
:1009F000690A08F0BDFEB0EE408AF0EE608A9FED15
:100A00001F0B53EC102B51EC180BFFF707FE08D20D
:100A10009FED1C0A1C4880ED020A9FED130A80ED31
:100A2000030A194800F044FB184880210023CDE94F
:100A30000131154A0093CDE9031092ED010ABDEE94
:100A4000C00A10EE102A11B20F4A92ED000ABDEE54
:100A5000C00A10EE102A10B24023102205F0A8F9A7
:100A600005B0BDEC048B00BD000000001411002097
:100A70000000A0C2D8030108F4120020000000000A
:100A8000000010400000DC427411002088020108C0
:100A900000B52DED048B85B09FED390A394880ED06
:100AA000020A9FED390A80ED030A00F001FB374886
:100AB00080210023CDE90131324A0093CDE90310B2
:100AC00092ED010ABDEEC00A10EE102A11B22D4AB5
:100AD00092ED000ABDEEC00A10EE102A10B24023BB
:100AE000202205F065F92A4890ED000AD0ED020AAF
:100AF00030EE600A10EE101A0846FFF77CFD41EC5C
:100B0000190BB0EE490AF0EE690A08F031FEB0EEBA
:100B1000408AF0EE608A9FED1F0B53EC102B51ECD6
:100B2000180BFFF77BFD08D29FED1C0A1C4880EDD7
:100B3000020A9FED130A80ED030A194800F0B8FA83
:100B4000184880210023CDE90131154A0093CDE9F1
:100B5000031092ED010ABDEEC00A10EE102A11B288
:100B60000F4A92ED000ABDEEC00A10EE102A10B234
:100B700040231A2205F01CF905B0BDEC048B00BD22
:100B800000000000141100200000A0C2D8030108DA
:100B9000F412002000000000000010400000CC42D1
:100BA000441100200803010810B5044621460248FC
:100BB00001F0D4FF10BD0000E417002010B5044878
:100BC00001F0DFFF042801D0012010BD0020FCE768
:100BD000E417002010B5002400F014F8012801D01B
:100BE000012010BD064801F0DEFF044634B94FF481
:100BF0000061034801F068FE00B101242046F0E7DF
:100C0000E417002008B5012000909DF8000008BD01
:100C10002DE9F04104460D461646002733462A4684
:100C20002146044802F0CAF800B101273846BDE861
:100C3000F0810000E417002001200149086070479E
:100C4000081100202DE9F04104460D461646002704
:100C500033462A462146044802F05EF900B10127D6
:100C60003846BDE8F0810000E417002010B50448C4
:100C70000068C06810B1022007F0DEFB10BD000064
:100C80009010002010B5024805F0C4F910BD000016
:100C900008000020C161094A02620022027042700D
:100CA00042608260C2600274002343748374C27421
:100CB000426102760A2280F824207047F11F000862
:100CC00000B506490648FFF7E5FF06490648FFF765
:100CD000E1FF06490648FFF7DDFF00BD691800087F
:100CE0006C17002079180008941700208918000854
:100CF000BC17002000BFFEE70FB4F0B5A1B0064658
:100D00000F46002529A80090802101A8009B289A61
:100D100008F0E2F90020009001AC0AE0207800F031
:100D2000800018B1A81905B2A41C02E0E81905B2A8
:100D3000641C20780028F1D1284621B0F0BC5DF871
:100D400014FB1CB5044604F1500004F1400104F109
:100D5000300304F12002CDE900103039204600F0C4
:100D600039F804F1540104F1440004F1340304F1AE
:100D70002402CDE900014039201D00F02BF804F1D8
:100D8000580104F1480004F1380304F12802CDE9C8
:100D900000014039403800F01DF804F15C0104F115
:100DA0004C0004F13C0304F12C02CDE90001403970
:100DB000403800F00FF81CBD1CB5044604F11400C7
:100DC000011F0B1F1A1FCDE90010211D204600F046
:100DD00001F81CBD2DE9F0472DED0C8B04460E46A5
:100DE00015461F46DDE91489A6480068407A0028A8
:100DF0007DD194ED000AD6ED000AB4EE600AF1EE62
:100E000010FA03D1BDEC0C8BBDE8F0879D4800685B
:100E100090ED010AB5EEC00AF1EE10FA0CD89FED84
:100E20009A0A85ED000A9FED980A87ED000A96ED73
:100E3000000A84ED000AE5E795ED000A87ED000A57
:100E400096ED000AD4ED000A30EE600A85ED000A46
:100E500095ED000A10EE101A0846FFF7CCFB41ECA6
:100E60001B0B8848006890ED010A10EE101A084626
:100E7000FFF7C1FB41EC1D0B9FED840B53EC102BD6
:100E8000FFF7A8FA41EC1C0B53EC1B2BFFF7A2FA5F
:100E900041EC190B94ED000A10EE101A0846FFF70A
:100EA000AAFB41EC1A0B53EC192BFFF7ECF941ECC0
:100EB000180BFFF7E3FB20607248006890ED010A11
:100EC000F3EE040A80EE201A11EE10AA5046FFF746
:100ED00092FB41EC180B94ED000AD6ED000A30EEBF
:100EE000600A10EE101A0846FFF785FB00E01FE0CD
:100EF00041EC1A0BB0EE4A0AF0EE6A0A08F038FC30
:100F0000B0EE409AF0EE609A53EC182B51EC190BAE
:100F1000FFF784FB0CD29FED5C0A85ED000A9FED84
:100F20005A0A87ED000A96ED000A84ED000A69E787
:100F300054480068407A01287ED15248006890EDFC
:100F4000010AB5EEC00AF1EE10FA14D89FED4E0A70
:100F500085ED000A9FED4C0A87ED000A9FED4A0AD5
:100F600089ED000A9FED480A88ED000A96ED000A17
:100F700084ED000A46E74348006890ED010ADFED82
:100F8000450A20EE208A3F48006890ED010ADFED17
:100F9000420A60EE208A9FED419A95ED000A87EDA6
:100FA000000A96ED000AD4ED000A30EE600A85EDE5
:100FB000000A98ED000AD5ED000A30EE200A88ED0F
:100FC000000A95ED000AD7ED000A30EE600A10EE37
:100FD000101A0846FFF70FFB41EC1B0B9FED300B7F
:100FE00053EC102BFFF768FA41EC1A0BFFF746FBA6
:100FF000C9F8000095ED000A20EE080AD8ED000AB5
:1010000008EEA00AD9ED000A09EE200AD4ED000A84
:1010100030EE200A84ED000A96ED000AD4ED000AB5
:1010200030EE600A10EE101A0846FFF7E4FA41ECC1
:101030001B0BB0EE4B0A00E022E0F0EE6B0A08F06A
:1010400097FBB0EE40AAF0EE60AA9FED170B53ECB1
:10105000102B51EC1A0BFFF7E1FA10D29FED0A0AA0
:1010600085ED000A9FED080A87ED000A9FED060A4C
:1010700089ED000A96ED000A84ED000AC2E600BF81
:1010800000BFBFE690100020000000007B14AE47B8
:10109000E17A943F0AD7A33C0AD7A33B6F12033BE4
:1010A0009A9999999999B93F000000000000E03F92
:1010B0001CB5044604F1280004F1200104F11803D2
:1010C00004F11002CDE9001018392046FFF782FE26
:1010D00004F12C0104F1240004F11C0304F11402B6
:1010E000CDE900012039201DFFF774FE1CBD000072
:1010F00000B5474800680078E8BB4648D0ED000AD4
:1011000043480068B0F92E0000EE100AB8EEC00A9D
:1011100030EE800ADFED400A30EE600A3F4880ED95
:10112000000A3B48006890ED110A3C4880ED010A36
:101130003748006890ED100A384880ED020A3448BC
:10114000006890ED110A354880ED030A30480068C8
:10115000B0F9140000EE100AB8EEC00A304880ED75
:10116000000A2B480068B0F9140000EE100AB8EE2F
:10117000C00A2B4800E001E080ED010A2448006825
:101180000078012841D122480068D0ED100A20489B
:101190000068B0F9360000EE100AB8EEC00A30EE72
:1011A000800A1E4880ED000A19480068B0F938002E
:1011B000C0F1FF3000EE100AB8EEC00A174880ED0B
:1011C000010A1348006890ED100A144880ED020AE5
:1011D0000F48006890ED110A104880ED030A0C4892
:1011E0000068B0F9140000EE100AB8EEC00A0C480E
:1011F00080ED000A06480068B0F9140000EE100AFD
:10120000B8EEC00A064880ED010A07F01FF900BDDC
:10121000901000200412002000000043F41200206F
:101220002413002000B5624800680078002878D1B7
:101230006048D0ED000A5E480068B0F92E0000EE6C
:10124000100AB8EEC00A30EE800ADFED5B0A30EE1D
:10125000200A5A4880ED000A5648D0ED010A544849
:101260000068B0F9300000EE100AB8EEC00A30EEA7
:10127000800A524880ED010A4D480068D0ED070A07
:101280004B480068B0F92E0000EE100AB8EEC00A14
:1012900030EE800A494880ED020A45480068D0EDEA
:1012A000080A43480068B0F9300000EE100AB8EEB2
:1012B000C00A30EE800A414880ED030A3C480068CD
:1012C00090ED070A3B4880ED040A3948006890ED2C
:1012D000080A384880ED050A3548006890ED090A8B
:1012E000344880ED060A3248006890ED0A0A314819
:1012F00080ED070AB8EE080A314880ED000A2C4854
:101300000068B0F9140000EE100AB8EEC00A2C48CC
:1013100080ED010A002026490968488724490968A8
:10132000888723480068007801283ED1204A126847
:10133000B2F9321001EBD17252101D4B1B68B3F998
:10134000360000EBD073A2EB630200EE102AB8EE79
:10135000C00A1A4A82ED020AB1EE080A104680ED70
:10136000030A9FED180A80ED000A11480068B0F9E1
:101370003600404200EE100AB8EEC00A104680ED7A
:10138000010AB7EE000A0E4880ED000A084800681E
:10139000B0F9140000EE100AB8EEC00A084880ED5B
:1013A000010A002002490968488707F04FF800BD8C
:1013B000901000200412002000000043F4120020CE
:1013C00024130020000048C210B5024800F014FBAE
:1013D00010BD00002019002010B5024800F00CFBE1
:1013E00010BD00000C1A002010B5024800F004FBEC
:1013F00010BD00006818002010B5024800F0FCFA8B
:1014000010BD00006C1A002001460878103818231F
:10141000B0FBF3F20848805CC865032A05D9086868
:101420006FF30900001D886503E008686FF3090089
:101430008865886D70470000D804010801460020C7
:101440008A6A8B69CBB932B1012A0DD0022A03D046
:10145000032A10D10EE000BFCB6A03F08073B3F112
:10146000807F00D1012007E0CB6AB3F1C07F00D1BB
:10147000012001E000E000BF34E08B69B3F5005FBC
:101480001AD132B1012A07D0022A03D0032A11D17E
:101490000AE000BF01200EE0CB6A03F08073B3F1D5
:1014A000807F00D1012006E0CB6AB3F1C07F00D17C
:1014B000012000E000BF15E032B1012A05D0022A68
:1014C00004D0032A0CD103E000BF00BF012008E0D4
:1014D000CB6A03F08073B3F1807F00D1012000E07C
:1014E00000BF00BF704730B50468246824F480242E
:1014F00005682C60046863608468402C04D104682B
:10150000A2600468E16003E00468A1600468E2602E
:1015100030BD70472DE9F04385B005460C461646B0
:101520001F46DDF8308095F82D0001287ED10FF29E
:1015300038194E480068006904EB440100EBC10013
:10154000806880B104EB4401286900EBC100406869
:1015500048B904EB4401286900EBC100C06810B928
:101560000FF20C1935E041480068006904EB4401B2
:1015700000EBC100806880B904EB4401286900EBEE
:10158000C100406848B104EB4401286900EBC10088
:10159000C06810B90FF2DC091BE03448006800692C
:1015A00004EB440100EBC100806880B904EB440106
:1015B000286900EBC100406848B904EB4401286980
:1015C00000EBC100C06810B10FF2AC0901E00FF2EE
:1015D000AC0908F0FF01F8B296ED010ABDEEC00AB1
:1015E00010EE102A12B2CDE90319CDE9012096EDD3
:1015F000000ABDEEC00A10EE100A00B2DFF880C08B
:1016000000909CED030ABDEEC00A10EE10CA0FFA5E
:101610008CF3DFF86CC09CED020AF1EE080A30EEA4
:10162000600ABDEEC00A10EE10CA00E018E00FFA22
:101630008CF2DFF84CC09CED010ABDEEC00A10EE42
:1016400010CA0FFA8CF1DFF838C09CED000ABDEE2D
:10165000C00A10EE10CA0FFA8CF004F048F800BF70
:1016600005B0BDE8F08300000000000090100020ED
:101670003E0000007E0000002A0000002D00000057
:101680000412002010B5024804F0C4FC10BD000094
:1016900040000020704770470020704710B51D487B
:1016A000006800691B490968B1F93A1001EB410172
:1016B00000EBC100406870B1164800680069154928
:1016C0000968B1F93A1001EB410100EBC1008068F3
:1016D00008B906F0A7FE0F48006800690D490968BF
:1016E000B1F93A1001EB410100EBC100806878B11B
:1016F00008480068006907490968B1F93A1001EB28
:10170000410100EBC100406810B9012006F094FED1
:1017100010BD00009010002072B600BFFEE730B58B
:1017200004460D4600222946204600F001F830BD4F
:10173000F0B50346012500241148407A01281CDA3F
:1017400000200F4E767A0E4FB8553846467A001D67
:1017500040F82630001F467A083082553E46707A9F
:10176000461C7E72044604F1300008703A2048702E
:101770002F2088700020C87000252846F0BD00008A
:10178000CC1A00200146B1F90200704701464878A2
:101790007047418070474170704700001A480068E8
:1017A000D0ED0A0A18480068B0F9300000EE100ABF
:1017B000B8EEC00A30EEC00A1448D0ED010A30EE8F
:1017C000200AF7EE000A30EE600ABDEEC00A10EE05
:1017D000100A00B200EE100AF8EEC00A0B4890EDB5
:1017E000011A0948006890F90A0000EE100AB8EEE4
:1017F000C00A31EE000A80EE801ABDEEC10A10EE7A
:10180000100A00B27047000090100020241300203E
:101810000348007808B9012070470020FCE7000069
:10182000981000200A48B0F90400312806DA084868
:101830008088401C00B20649888007E000200449E7
:101840008880084600884880002008807047000093
:10185000801000200348007808B90120704700205C
:10186000FCE700009910002010B54021014800F06D
:10187000B1FB10BD0014024010B58021014800F0FA
:10188000A9FB10BD0014024010B54FF4807102484E
:1018900000F0A0FB10BD0000001402400146002033
:1018A00001E0421C10B200EB400251F83220002A45
:1018B000F7D1704710B503460C46082B06D00C2B09
:1018C00007D0102B08D0142B0CD108E008210622D9
:1018D0000BE00C21072208E01021082205E014216A
:1018E0000A2202E00C21072200BF00BF0CB9084603
:1018F00010BD1046FCE7000002460748006810B91A
:101900004FF0FF3070470AB10120FBE709B100201A
:10191000F8E74FF0FF30F5E79410002070B504466B
:10192000A56D00F065FB064694F83500022808D046
:101930008020606500BF002084F8340000BF0120D3
:1019400070BD2068006820F01600216808602068DB
:10195000406920F0800021684861206C08B9A06CC3
:1019600028B12068006820F008002168086020681D
:10197000006820F001002168086010E000F038FBEA
:10198000801B05280BD920206065032084F83500D2
:1019900000BF002084F8340000BF0320D0E7206897
:1019A000006800F001000028E8D194F85C103F20A6
:1019B0008840A860012084F8350000BF002084F82A
:1019C000340000BF00BFBBE7014691F83500022894
:1019D00003D08020486501207047052081F835003C
:1019E0000868006820F001000A6810600020F3E732
:1019F0000146486D70470000F8B50446002000908D
:101A00008C4800684FF41651B0FBF1F7A56D2E68B5
:101A100094F85C1008208840304098B12068006835
:101A200000F0040070B12068006820F00400216814
:101A3000086094F85C1008208840A860606D40F051
:101A40000100606594F85C1001208840304068B166
:101A50002068406900F0800040B194F85C100120DB
:101A60008840A860606D40F00200606594F85C10EA
:101A700004208840304068B12068006800F002000F
:101A800040B194F85C1004208840A860606D40F07C
:101A90000400606594F85C1010208840304078B3F2
:101AA0002068006800F0080050B394F85C10102023
:101AB0008840A8602068006800F4802080B1206819
:101AC000006800F4002028B9206CC8B12046216CC1
:101AD000884715E0A06C98B12046A16C88470FE0BC
:101AE0002068006800F4807028B92068006820F041
:101AF000080021680860206C10B12046216C8847DE
:101B000094F85C10202088403040002865D0206880
:101B1000006800F0100000285FD094F85C102020CE
:101B20008840A86094F83500052828D1206800680E
:101B300020F01600216808602068406920F08000CD
:101B400021684861206C08B9A06C28B12068006841
:101B500020F008002168086094F85C103F2088405D
:101B6000A860012084F8350000BF002084F834000C
:101B700000BF206D10B12046216D8847F8BD206858
:101B8000006800F4802080B12068006800F4002024
:101B900028B9606C10B12046616C88471DE0E06B8D
:101BA000D8B12046E16B884717E02068006800F450
:101BB000807068B92068006820F010002168086013
:101BC000012084F8350000BF002084F8340000BFF5
:101BD000E06B10B12046E16B8847606D38B3606DF3
:101BE00000F00100F0B1052084F83500206800689D
:101BF00020F001002168086000BF0098401C0090A0
:101C0000B84200D905E02068006800F00100002813
:101C1000F3D100BF012084F8350000BF002084F814
:101C2000340000BFE06C10B12046E16C884700BF73
:101C3000A4E70000FC1000202DE9F0410446002537
:101C400000F0D6F9074614B90120BDE8F081606ABA
:101C500000B100BF022084F8350000BF002084F8E6
:101C6000340000BF2068006820F00100216808608F
:101C70000AE000F0BDF9C01B052805D920206065E9
:101C8000032084F83500E0E72068006800F00100D8
:101C90000028EED12068056821480540D4E90101FB
:101CA0000843E16808432169084361690843A16961
:101CB0000843E1690843216A08430543606A042830
:101CC00003D1D4E90B01084305432068056020686F
:101CD000456925F00705606A0543606A04280DD14F
:101CE000A06A0543E06A48B12046FFF7A7FB28B188
:101CF00040206065012084F83500A6E72068456132
:101D00002046FFF781FB064694F85C103F20884090
:101D1000B06000206065012084F83500002094E761
:101D20003F8010F02DE9F04704460D4616461F4649
:101D30004FF00008D4F8589000BF94F83400012800
:101D400002D10220BDE8F087012084F8340000BFF2
:101D500094F83500012825D1022084F835000020B0
:101D600060653B46324629462046FFF7BCFB94F8A7
:101D70005C103F208840C9F808002068006840F0E7
:101D8000160021680860206C28B12068006840F0C7
:101D90000800216808602068006840F001002168A0
:101DA000086006E000BF002084F8340000BF4FF058
:101DB00002084046C6E7000070B5044600F018F976
:101DC00006462546681C10B104480078054400BF4B
:101DD00000F00EF9801BA842FAD370BDF810002065
:101DE000F8B502460B460025002400200021D6E06D
:101DF000012606FA01F51E6806EA0504AC4274D114
:101E00001E7906F00306012E04D01E7906F00306A3
:101E1000022E13D190684F000326BE40B0434F00FE
:101E2000DE68BE4030439060506801268E40B0436B
:101E30001E79C6F300168E40304350601E7906F0BE
:101E40000306032E09D0D0684F000326BE40B043DE
:101E50004F009E68BE403043D0601E7906F00306F6
:101E6000022E13D1CF0802F1200656F827004E07A4
:101E7000F70E0F26BE40B0434F07FF0E1E69BE404F
:101E80003043CF0802F1200646F8270010684F00C3
:101E90000326BE40B0431E7906F003064F00BE4045
:101EA000304310605E6806F44036002E76D000BFE6
:101EB000002600963C4E366846F480463A4F3E6017
:101EC0003E46366806F48046009600BF00BF374E97
:101ED0008F0856F827008E07370F0F26BE40B043F5
:101EE000334EB24202D1002624E057E0314EB242D6
:101EF00001D101261EE0304EB24201D1022619E086
:101F00002E4EB24201D1032614E02D4EB24201D131
:101F100004260FE02B4EB24201D105260AE02A4EDC
:101F2000B24201D1062605E0284EB24201D1072671
:101F300000E008268F073F0FBE4030431B4E8F083E
:101F400046F82700224E3068A0435E6806F48016EB
:101F500006B120431E4E3060361D3068A0435E68D7
:101F600006F4001606B12043194E361D3060184E97
:101F7000361F3068A0435E6806F4003606B1204381
:101F8000134E361F3060361F3068A0435E6806F47B
:101F9000803606B120430E4E083E3060491C1029A1
:101FA000FFF426AFF8BD0000443802400838014075
:101FB000000002400004024000080240000C024001
:101FC000001002400014024000180240001C0240B1
:101FD000083C0140024613690B400BB1012000E0B0
:101FE000002070470AB1816101E00B0483617047F2
:101FF0000148006870470000F010002003480068A6
:10200000034909780844014908607047F01000202E
:10201000F810002010B50D48006840F400700B491E
:1020200008600846006840F4806008600846006860
:1020300040F480700860032000F0A2F80F2000F048
:1020400007F800F02BF8002010BD0000003C024013
:1020500070B504460E4800784FF47A71B1FBF0F089
:102060000C490968B1FBF0F5284601F0CBF808B13E
:10207000012070BD102C07D200222146501E00F016
:1020800041F80548046001E00120F2E70020F0E794
:10209000F8100020FC100020F410002008B500BF4C
:1020A000002000900E48006840F480400C49086011
:1020B0000846006800F48040009000BF00BF00BFE9
:1020C00000200090081F006840F08050091F086041
:1020D0000846006800F08050009000BF00BF08BDB7
:1020E0004438024001460846002809DB00F01F037F
:1020F00001229A4043099B0003F1E023C3F8002129
:1021000000BF70472DE9F05F80460D461646002758
:1021100007F022F8074639462A46334601F0070001
:10212000C0F1070ABAF1040F02D94FF0040A01E026
:10213000C0F1070AD14600F1040ABAF1070F02D232
:102140004FF0000A01E0A0F1030AD4464FF0010A63
:102150000AFA09FAAAF1010A0AEA020A0AFA0CFAC8
:102160004FF0010B0BFA0CFBABF1010B0BEA030B6D
:102170004AEA0B042146404606F0F6FFBDE8F09F10
:1021800000BF00F00702064B19684FF6FF03194025
:10219000044B0B4343EA0221014B196000BF704717
:1021A0000CED00E00000FA0570B504460D460CB9D0
:1021B000012070BD5848006800F00700A84209D20D
:1021C00055490D700846006800F00700A84201D08C
:1021D0000120EEE7207800F0020002281DD12078CF
:1021E00000F00400042805D14C48006840F4E05099
:1021F0004A490860207800F00800082805D14748BF
:10220000006840F46040454908604448006820F098
:10221000F000A168084341490860207800F00100FF
:10222000A8B36068012807D13C4808380068C0F3AB
:102230004040B8B90120BCE76068022802D060685D
:10224000032807D1354808380068C0F3406048B912
:102250000120AEE7314808380068C0F3400008B9F3
:102260000120A6E72D48006820F0030061680843BC
:102270002A490860FFF7BCFE064609E0FFF7B8FEF2
:10228000801B41F28831884202D9032091E707E0A0
:102290002248006800F00C006168B0EB810FEDD1BE
:1022A0001D48006800F00700A84209D91A490D70BE
:1022B0000846006800F00700A84201D0012078E736
:1022C000207800F00400042807D11448006820F4A6
:1022D000E050E168084311490860207800F00800E8
:1022E000082808D10D48006820F46040216940EAC0
:1022F000C1000A49086000F03FF808490968C1F3C5
:102300000311074A515CC840064908600648006846
:10231000FFF79EFE00204CE7003C024008380240D8
:10232000E0040108FC100020F410002001480068BF
:1023300070470000FC10002000B5FFF7F7FF0449CC
:102340000968C1F38221034A515CC84000BD000006
:1023500008380240F004010800B5FFF7E7FF044920
:102360000968C1F34231034A515CC84000BD000016
:1023700008380240F00401082DE9F0470024002548
:102380000026A1462548006800F00C0020B1042872
:1023900005D008283AD105E0DFF8849039E0DFF86D
:1023A000849036E01D48001F006800F03F041B4881
:1023B000001F006800F4800078B11A481749091F0F
:1023C0000968C1F38811A0FB017001462246002371
:1023D0003846FDF7F5FE05460EE011480F49091F86
:1023E0000968C1F38811A0FB017001462246002351
:1023F0003846FDF7E5FE05460848001F0068C0F3B3
:102400000140401C4600B5FBF6F902E0DFF81090F1
:1024100000BF00BF4846BDE8F08700000838024012
:102420000024F40000127A00F8B504460CB901202B
:10243000F8BD207800F00100002876D0FA48006846
:1024400000F00C0004280DD0F748006800F00C00E4
:10245000082813D1F448001F006800F48000B0F58C
:10246000800F0BD1F04808380068C0F340400028C6
:102470005BD06068002858D10120D9E700BF6068B0
:10248000B0F5803F08D1E8480838006840F4803053
:10249000E549083908601EE06068B0F5A02F0DD14D
:1024A000E1480838006840F48020DF4908390860B6
:1024B0000846006840F4803008600CE0DA480838CC
:1024C000006820F48030D849083908600846006860
:1024D00020F48020086000BF606898B1FFF788FD95
:1024E000054607E0FFF784FD401BB0F57A7F01D970
:1024F00003209DE7CC4808380068C0F3404000281E
:10250000F0D012E0FFF774FD054607E0FFF770FD1D
:10251000401BB0F57A7F01D9032089E7C24808380B
:102520000068C0F340400028F0D1207800F002009D
:1025300002285FD1BC48006800F00C0058B1BA48CE
:10254000006800F00C0008281CD1B748001F006884
:1025500000F48000B0B9B44808380068C0F3400007
:1025600020B1E068012801D0012061E7AE480838B9
:10257000006820F0F800216940EAC100AA49083942
:10258000086037E0E06800B30120A8490860FFF761
:102590002FFD054606E0FFF72BFD401B022801D961
:1025A000032045E7A04808380068C0F34000002831
:1025B000F1D09D480838006820F0F800216940EA11
:1025C000C10099490839086014E000209749086063
:1025D000FFF70EFD054606E0FFF70AFD401B022847
:1025E00001D9032024E7904808380068C0F3400070
:1025F0000028F1D1207800F0080008282CD160696B
:10260000A8B101208A490860FFF7F2FC054606E000
:10261000FFF7EEFC401B022801D9032008E782489F
:102620006C300068C0F340000028F1D014E00020B6
:102630007F490860FFF7DCFC054606E0FFF7D8FCA1
:10264000401B022801D90320F2E677486C3000686D
:10265000C0F340000028F1D1207800F004000428E5
:1026600070D1002770483830006800F0805090B971
:1026700000BF002000906C483830006840F0805067
:102680006949383108600846006800F080500090C1
:1026900000BF00BF01276748006800F48070B0B930
:1026A0006448006840F4807062490860FFF7A0FC4D
:1026B000054606E0FFF79CFC401B022801D90320D9
:1026C000B6E65C48006800F480700028F2D000BFD5
:1026D000A068012808D154486830006840F0010023
:1026E0005149683108601DE0A06805280DD14E48A9
:1026F0006830006840F004004B49683108600846C3
:10270000006840F0010008600CE04748683000684D
:1027100020F001004449683108600846006820F054
:102720000400086000BFA068A8B1FFF761FC05467F
:1027300009E0FFF75DFC401B41F28831884202D975
:10274000032075E626E0384868300068C0F3400092
:102750000028EED013E0FFF74BFC054608E0FFF73A
:1027600047FC401B41F28831884201D903205FE6D3
:102770002D4868300068C0F340000028EFD1012FD9
:1027800007D129483830006820F080502649383178
:10279000086000BFA069002845D02348006800F009
:1027A0000C0008285DD0A069022845D100201F49EF
:1027B0000866FFF71DFC054606E0FFF719FC401B05
:1027C000022801D9032033E6174808380068C0F30F
:1027D00040600028F1D1D4E907010843616A40EA6A
:1027E00081110122A06AC2EB500041EA00412C2075
:1027F000005D41EA00600C49091F086001200B4997
:102800000866FFF7F5FB054606E0FFF7F1FB401B06
:10281000022801D903200BE6034808380068C0F3FA
:1028200040600028F1D049E00838024000004742EB
:10283000800E474200700040002021490866FFF7E3
:10284000D7FB054606E0FFF7D3FB401B022801D962
:102850000320EDE51B480068C0F340600028F2D17A
:102860002CE0A069012800D1E2E51648001D0668A9
:10287000A069012820D006F48001E06981421BD1C3
:1028800006F03F01206A814216D147F6C070304001
:10289000616AB0EB811F0FD106F440310122A06ABA
:1028A000C2EB5000B1EB004F06D106F070612C2056
:1028B000005DB1EB006F01D00120B9E50020B7E564
:1028C0000000474200380240F0B589B004460E4689
:1028D0000027032084F83400606C032820D0B6F56C
:1028E000805F04D1A06B40F08050A0631CE0B6F57F
:1028F000006F07D1204605F05DFC0546A06B28431C
:10290000A06311E03EB9204605F020FC0546A06B0F
:102910002843A06308E0A06B40F00060A06303E0E0
:10292000A06B40F08050A063A06B38B117482168BD
:102930008863012084F83400012713E06068039065
:10294000A0680490E0680590069660690790A06909
:10295000089006A807C88DE80700206803A90EC9DB
:1029600004F0D3FD4FF40071206804F03FFE0546EB
:1029700035B1064821688863A06B2843A06301270E
:10298000012084F83400384609B0F0BDFF0540004E
:102990007047000010B50246506E800F0870506EF0
:1029A000C0F383604870506EC0F301608870506E51
:1029B000000CC870B2F86400000A087192F8640054
:1029C0004871906E000DC880906EC0F3034008728D
:1029D0006820805AC0F3C03048726820805AC0F323
:1029E000803088726820805AC0F34030C8726820F6
:1029F000805AC0F30030087300204873506C0028E0
:102A000036D16820805A8005030DD06E43EA90705D
:102A10000861D06EC0F3C2600875D06EC0F302606A
:102A20004875D06EC0F342508875D06EC0F38240B6
:102A3000C875D06EC0F3C23008760869401C506576
:102A40000B7E506D03F007039B1C01249C406043E8
:102A50005065087A00F00F03012098409065D2E994
:102A600015035B0A5843D0654FF40073136621E0E9
:102A7000506C012813D16820805C8006830AD06ED8
:102A800043EA104008610869401C83025365536D96
:102A9000D3654FF400739365936D13660AE02E4877
:102AA00013689863906B40F080509063012082F827
:102AB000340010BD6C20805AC0F3803001F8190F2B
:102AC0006C20805AC0F3C61048706C20805C00F007
:102AD0007F008870106FC00FC870106FC0F3417016
:102AE0000871106FC0F382604871106FC0F383509B
:102AF0008871106FC0F34050C87100200872106FC9
:102B0000C0F3004048727020805AC0F3C030887211
:102B10007020805AC0F38030C8727020805AC0F391
:102B2000403008737020805AC0F300304873702022
:102B3000805AC0F3812088737020805AC0F301202E
:102B4000C8737020805CC0F346000874012048748C
:102B500019390020ADE70000FF0540000246506C27
:102B60000860906C4860D06C8860106DC860506DD3
:102B70000861906D4861D06D8861106EC861002059
:102B80007047F8B50446002000906946204605F0DD
:102B9000C5FA054615B1A06B2843A0630098C0F3A1
:102BA00043263046F8BD10B504460CB9012010BDCF
:102BB00094F8340020B900202077204600F06AF80D
:102BC000032084F83400204600F00CF808B10120FE
:102BD000EDE70020A0632063012084F8340000208A
:102BE000E5E7000070B58AB0044600200490059027
:102BF0000690079008907620099007A807C88DE8EE
:102C00000700206804A90EC904F07FFC064616B12F
:102C100001200AB070BD00201C490860206804F043
:102C20008EFC01201949A039C1F8A0000220FFF74D
:102C3000C3F8204605F00CFA05463DB1012084F8A2
:102C40003400A06B2843A0630120E2E7204605F092
:102C50007DF905463DB1012084F83400A06B28437E
:102C6000A0630120D5E74FF40071206804F0BEFC9A
:102C700005464DB1064821688863A06B2843A063D0
:102C8000012084F83400C4E70020C2E7A080254278
:102C9000FF05400010B586B00446142101A8FDF7D9
:102CA000D9FA40492068884279D100BF00200090BD
:102CB0003D48006840F400603B49086008460068F1
:102CC00000F40060009000BF00BF00BF0020009033
:102CD00035481438006840F004003349143908605E
:102CE0000846006800F00400009000BF00BF00BF6D
:102CF000002000900846006840F008000860084680
:102D0000006800F00800009000BF00BF4FF4F850CA
:102D100001900220029000200390032004900C20D8
:102D2000059001A92148FFF75BF8042001900220DB
:102D3000029000200390032004900C20059001A92C
:102D40001B48FFF74DF81B481B4908604FF0006017
:102D50004860002118488160C1604FF480610161C2
:102D600089004161890081612021C16100210162E6
:102D700004214162032181624FF40001C162891084
:102D80000163FEF759FF08B1FEF7C6FC00BF0A4811
:102D90002064846300BF00BFE063846300BF06B0AB
:102DA00010BD0000002C01404438024000080240E1
:102DB000000C024058640240681800202DE9F043DE
:102DC00087B004460F4691461D46C8463FB9A06BE2
:102DD00040F00060A063012007B0BDE8F08394F8E4
:102DE000340001287ED10020A06308EB0501E06DCE
:102DF000814205D9A06B40F00070A0630120EBE791
:102E0000032084F8340000202168C8622068C06B69
:102E100040F22A3108432168C8633848216CC863EE
:102E20003748216CC8640020216C08650021206CA3
:102E30008160206C0068006820F0C000216C896807
:102E40000843216C096808606A029308226802F14D
:102E500080013A46206CFEF765FF80B12068C06BA8
:102E600020F495702168C863264821688863A06BA8
:102E700040F08040A063012084F83400ACE70120DA
:102E800021490860606C012801D04FEA48284FF0C2
:102E9000FF3001906802029090200390022004907D
:102EA000002005900120069001A9206804F008FB8D
:102EB000012D07D9822020634146206804F0FEFBE3
:102EC000064606E0812020634146206804F012FC9B
:102ED000064676B10B4821688863A06B3043A06337
:102EE000012000E007E084F8340000202063012086
:102EF00072E7002070E702206EE70000B17D000855
:102F00003D7D0008FF0540008C85254210B5044634
:102F1000FDF792FE10BD00002DE9F04387B0044696
:102F2000884691461D464F46B8F1000F07D1A06B69
:102F300040F00060A063012007B0BDE8F08394F882
:102F40003400012874D10020A0637919E06D81421A
:102F500005D9A06B40F00070A0630120ECE70320CE
:102F600084F8340000202168C8622068C06B40F2F9
:102F70001A2108432168C8633848E16BC8633848A0
:102F8000E16BC8640020E16B0865606C012800D02B
:102F90007F02012D07D9A02020633946206804F064
:102FA00087FC064606E0902020633946206804F03E
:102FB0009BFC064666B12B4821688863A06B3043B2
:102FC000A063012084F83400002020630120B3E7CF
:102FD0000120254908604021E06B8160E06B0068BA
:102FE000006820F0C000E16B89680843E16B096864
:102FF000086069028B08216801F180024146E06B9C
:10300000FEF790FEA8B12068C06B40F21A218843F9
:103010002168C863134821688863A06B40F0804032
:10302000A063012084F8340000202063012083E79E
:1030300011E04FF0FF300190680202909020039061
:103040000020049005900120069001A9206804F05A
:1030500037FA002070E702206EE70000F97D0008D3
:103060003D7D0008FF0540008C85254210B50446D3
:103070000CB9012010BD606A38B96068B0F5827F74
:1030800000D105E00021E16102E0002121616161E0
:103090000021A16294F8510028B9002084F8500062
:1030A000204600F047F8022084F8510020680068AC
:1030B00020F0400021680860A08800F48270218917
:1030C00001F404410843A18901F400610843217C13
:1030D00001F002010843217D01F001010843218B29
:1030E00001F400710843217F01F0380108432021D9
:1030F000095D01F080010843218D01F4005108436E
:10310000216808600421A06901EA104094F82410A5
:1031100001F010010843216848602068C06920F46C
:1031200000602168C86100206065012084F85100BA
:1031300000209FE710B586B00446142101A8FDF7D2
:1031400089F82B492068884250D100BF00200090A8
:103150002848006840F48040264908600846006816
:1031600000F48040009000BF00BF00BF002000902E
:1031700020481038006840F002001E4910390860ED
:103180000846006800F00200009000BF00BF4FF446
:10319000204001900220029001200390032004901F
:1031A0000520059001A91448FEF71AFE134814499A
:1031B0000860002048604021114881600021C16002
:1031C0004FF480610161002141618161C1614FF46F
:1031D0008031016200214162FEF72EFD08B1FEF749
:1031E0009BFA00BF0648A064846300BF06B010BD10
:1031F0000038004040380240000402407060024045
:103200002019002070B504462546681EB0F1807F65
:1032100001D301200FE0681E4FF0E02148610F212B
:103220004FF0FF3005F0A0FF00204FF0E021886153
:1032300007200861002070BD7047704710B5044634
:103240000CB9012010BD94F83D0028B9002084F885
:103250003C00204600F026F8022084F83D00211DA5
:10326000206805F091FC012084F8460000BF84F836
:103270003E0001213F2001554020015541200155CC
:1032800000BF00BF012084F84200432001554420C4
:1032900001554520015500BF012084F83D00002064
:1032A000D0E7000038B504460E492068884217D19F
:1032B00000BF002000900C48006840F480700A496C
:1032C00008600846006800F48070009000BF00BFEE
:1032D000002211462D20FEF715FF2D20FEF702FFDC
:1032E00038BD00000020004040380240014691F8FF
:1032F0003D00012801D001207047022081F83D00E7
:103300000868C06840F001000B68D8601A4B086874
:1033100098421BD00868B0F1804F17D0174B08684F
:10332000984213D0164B086898420FD0154B086886
:1033300098420BD0144B0868984207D0134B08688A
:10334000984203D0124B086898420CD108688068F4
:1033500000F00702062A0CD00868006840F001005F
:103360000B68186005E00868006840F001000B6811
:1033700018600020C0E70000000001400004004089
:1033800000080040000C00400004014000400140E3
:1033900000180040704710B5044620680069C0F36B
:1033A0004000D8B12068C068C0F34000B0B16FF0F1
:1033B000020021680861012020772068806900F000
:1033C000030018B12046FFF7E5FF05E0204600F0B6
:1033D000ADF8204600F0ABF80020207720680069A7
:1033E000C0F38000D8B12068C068C0F38000B0B1DD
:1033F0006FF004002168086102202077206880694E
:1034000000F4407018B12046FFF7C4FF05E02046E5
:1034100000F08CF8204600F08AF800202077206821
:103420000069C0F3C000D8B12068C068C0F3C00014
:10343000B0B16FF00800216808610420207720688F
:10344000C06900F0030018B12046FFF7A3FF05E0B4
:10345000204600F06BF8204600F069F80020207745
:1034600020680069C0F30010D8B12068C068C0F3BC
:103470000010B0B16FF010002168086108202077BB
:103480002068C06900F4407018B12046FFF782FF41
:1034900005E0204600F04AF8204600F048F80020F9
:1034A00020772068006900F0010058B12068C068EA
:1034B00000F0010030B16FF0010021680861204682
:1034C00000F036F820680069C0F3C01058B12068D9
:1034D000C068C0F3C01030B16FF08000216808618F
:1034E0002046FFF7A9FE20680069C0F3801058B19C
:1034F0002068C068C0F3801030B16FF040002168D0
:103500000861204600F026F820680069C0F34010EA
:1035100058B12068C068C0F3401030B16FF020008F
:10352000216808612046FFF788FE10BD704770478C
:1035300010B5044605492068884206D10448008831
:10354000401C0349088002F03DFE10BD00200040F1
:10355000EE10002070477047704700002DE9F84FCB
:103560000446206805682068C668206847694FF0EF
:103570000009CA4605F00F09B9F1000F0AD105F09C
:10358000200038B106F0200020B1204605F0D8FB1D
:10359000BDE8F88FB9F1000F7CD007F0010018B931
:1035A00006F49070002875D005F0010030B106F4E3
:1035B000807018B1206C40F00100206405F0040018
:1035C00030B107F0010018B1206C40F00200206417
:1035D00005F0020030B107F0010018B1206C40F096
:1035E0000400206405F0080048B106F0200010B97E
:1035F00007F0010018B1206C40F008002064206C36
:10360000002846D005F0200028B106F0200010B1B7
:10361000204605F095FB20684069C0F3801A206CB5
:1036200000F0080010B9BAF1000F2DD0204605F0C7
:1036300041FB2068406900F04000402820D100BFD5
:1036400000BF2168143151E8001F21F040002168BB
:10365000143141E80002002AF3D100BFA06B50B141
:103660007548A16B0865A06BFEF7AEF988B1A06B39
:10367000016D88470DE02046FFF76EFF09E009E085
:103680002046FFF769FF04E02046FFF765FF0020B2
:1036900020647DE7206B012876D105F0100000281A
:1036A00072D006F010000028FAD000BF0020009071
:1036B00020680068009020684068009000BF00BF4C
:1036C0002068406900F0400040285ED1A06B00688F
:1036D00040681FFA80F8B8F1000F54D0A08D404523
:1036E00051DDA4F82E80A06BC069B0F5807F43D077
:1036F00000BF00BF21680C3151E8001F21F4807029
:1037000021680C3141E80002002AF3D100BF00BF5C
:1037100000BF2168143151E8001F21F00100216829
:10372000143141E80002002AF3D100BF00BF00BFFE
:103730002168143151E8001F21F040002168143144
:1037400041E80002002AF3D100BF202084F83E00A7
:103750000020206300BF00BF21680C3151E8001F2A
:1037600021F0100021680C3141E80002002AF3D159
:1037700000BFA06BFEF7D2F8A08DE28D801A81B257
:103780002046FFF7E8FE03E740E0A08DE18D401AF8
:103790001FFA80F8E08DC0B3B8F1000F35D000BF3C
:1037A00000BF21680C3151E8001F21F4907021689E
:1037B0000C3141E80002002AF3D100BF00BF00BF76
:1037C0002168143151E8001F21F0010021681431F3
:1037D00041E80002002AF3D100BF202084F83E0017
:1037E0000020206300BF00BF21680C3151E8001F9A
:1037F00021F0100021680C3141E80002002AF3D1C9
:1038000000BF41462046FFF7A6FEC1E605F0800056
:1038100030B106F0800018B1204605F023FCB7E671
:1038200005F0400030B106F0400018B1204605F028
:1038300077FAADE600BFABE6A18C000810B50446F0
:103840000CB9012010BDA06900B100E000BF94F8E0
:103850003D0028B9002084F83C00204600F028F8FC
:10386000242084F83D002068C06820F400502168BE
:10387000C860204605F0E0FA2068006920F4904016
:10388000216808612068406920F02A0021684861A9
:103890002068C06840F400502168C860002020649F
:1038A000202084F83D0084F83E000020CAE7000094
:1038B00010B586B00446142101A8FCF7CBFC4149A1
:1038C000206888427BD100BF002000903E480068FD
:1038D00040F010003C4908600846006800F0100005
:1038E000009000BF00BF00BF002000903648143891
:1038F000006840F001003449143908600846006847
:1039000000F00100009000BF00BF4FF4C0600190C4
:1039100002200290012003900320049007200590CC
:1039200001A92A48FEF75CFA29482A4908604FF0A5
:1039300000604860002127488160C1604FF48061C9
:1039400001610021416181614FF48071C16109020F
:10395000016200214162FEF76FF908B1FDF7DCFE5C
:1039600000BF1C48A063846300BF194878301A491F
:1039700008604FF0006048604021174881600021D6
:10398000C1604FF480610161002141618161C161C9
:103990004FF48031016200214162FEF74DF908B118
:1039A000FDF7BAFE00BF0C486063846300BF0022CD
:1039B00011462520FEF7A6FB2520FEF793FB06B057
:1039C00010BD0000001001404438024000000240D9
:1039D000406402400C1A00206C1A002070477047A7
:1039E00000BFFEE7012804D0022806D0032809D131
:1039F00007E00121054A517205E00121034A917255
:103A000001E000E000BF00BF704700006017002029
:103A1000012804D0022806D0032806D104E00121A1
:103A2000034A117202E001E000E000BF00BF7047EE
:103A300060170020012804D0022806D0032806D1F0
:103A400004E00121034AD17102E001E000E000BF7F
:103A500000BF7047601700202DE9F04104460027A1
:103A60000125002694F824000A2802D00020BDE891
:103A7000F081206A80470646E06980470546607805
:103A800030B1012808D002280DD003281AD111E046
:103A90000DB90120607015E015B90220607001E0D9
:103AA000002060700EE015B90320607001E0002076
:103AB000607007E015B90120207002E000206070FE
:103AC000207000BF00BF2078012803D1606850B982
:103AD000666008E0606830B1A660D4E90110401A61
:103AE000E06000206060E06878B3E0680A280CD3EA
:103AF000E068B0F5487F08D20121E27C04F11000B3
:103B00008154E07C401CE07425E0E068B0F5487F1B
:103B10000DD340F6C411E068884208D80221E27C47
:103B200004F110008154E07C401CE07413E040F686
:103B3000C411E068884209D90321E27C04F1100035
:103B40008154E07C401CE07405E00BE00021E27C45
:103B500004F110008154E07C022801DD0220E074B1
:103B60000020E060207850B9606910B906F5C8708F
:103B700060616069B04204D20120207601E000203B
:103B80006061207E70B108480278084904F1100095
:103B900000F00EF807460020207400216174A17423
:103BA000E0742076384662E7E9100020CD1000204E
:103BB000F0B506460D46174600240BE005EB8400E1
:103BC000411C0322304603F091FA10B115F824008D
:103BD000F0BD641C072CF1DB0720F9E708B500BF36
:103BE000002000901E48006840F400101C49086046
:103BF0000846006800F40010009000BF00BF00BF3E
:103C0000002000900846006840F4800008600846E4
:103C1000006800F48000009000BF00BF0022114641
:103C20000F20FEF76FFA0F20FEF75CFA0022114614
:103C30003A20FEF767FA3A20FEF754FA00221146BE
:103C40003B20FEF75FFA3B20FEF74CFA00221146BC
:103C50004620FEF757FA4620FEF744FA08BD00005A
:103C60003038024010B503490348FDF758FD0349B9
:103C7000087010BD0D110020F80401080C1100207F
:103C800000B587B0142102A8FCF7E4FA00BF0020B9
:103C900001904A48006840F0200048490860084602
:103CA000006800F02000019000BF00BF00BF0020AE
:103CB00001900846006840F08000086008460068EF
:103CC00000F08000019000BF00BF00BF0020019005
:103CD0000846006840F0020008600846006800F0EE
:103CE0000200019000BF00BF00BF00200190084605
:103CF000006840F0080008600846006800F008000E
:103D0000019000BF00BF00BF00200190084600687E
:103D100040F0040008600846006800F004000190CC
:103D200000BF00BF00BF002001900846006840F0BF
:103D3000010008600846006800F00100019000BF23
:103D400000BF00224FF4E0611D48FEF74BF900224E
:103D50004FF478711B48FEF745F94FF4E07002907C
:103D6000002003900120049002A91748FEF738F8BC
:103D70004FF4E06002900120039004900020059031
:103D800002A90F48FEF72CF8E020029001200390D2
:103D900004900020059002A90A48FEF721F84FF48C
:103DA000407002900120039004900320059002A926
:103DB0000448FEF715F807B000BD00003038024097
:103DC000000C024000040240001402400748084969
:103DD000086000204860002105488160C1604FF400
:103DE000006101610021416181617047002C014047
:103DF000E417002010B50E480E4908604FF4827099
:103E0000486000210B488160C160016141614FF44D
:103E1000007181610821C1610021016241628162FA
:103E20000A21C162FFF722F908B1FDF775FC10BD48
:103E300000380040C818002010B50C480C49086034
:103E400044F29F1048600021094881600921C16047
:103E50000021016180218161FFF7F0F908B1FDF7D0
:103E60005BFC0348FFF742FA10BD00000020004051
:103E70008019002010B50A480A4908600A484860BD
:103E8000002108488160C16001610C21416100216D
:103E90008161C161FFF7D2FC08B1FDF73DFC10BDA7
:103EA00000100140C819002020A107009FED190A49
:103EB000194880ED020A9FED190A80ED030A9FED73
:103EC000150A80ED000A9FED150A80ED010A9FEDAD
:103ED000140A144880ED020A9FED100A80ED030ACF
:103EE0009FED0F0A80ED000A9FED0C0A80ED010A9C
:103EF0009FED0D0A0D4880ED020A9FED080A80ED46
:103F0000030A9FED090A80ED000A9FED040A80ED87
:103F1000010A7047000048C314110020000000008F
:103F200000000143441100200000004374110020F0
:103F300000BFFEE70A48D0ED010A0A48006890F980
:103F40000A0000EE100AB8EEC00A30EE800A0648F9
:103F5000D0ED030A30EE200A80ED030A704700001E
:103F60002413002090100020F41200200A48D0ED05
:103F7000010A0A480068B0F9360000EE100AB8EEEF
:103F8000C00A30EE800A0648D0ED020A30EEC00AC0
:103F900080ED020A704700002413002090100020DA
:103FA000F41200200A48D0ED010A0A480068B0F96E
:103FB000360000EE100AB8EEC00A30EE800A06485D
:103FC000D0ED020A30EE200A80ED020A70470000B0
:103FD0002413002090100020F41200200A48D0ED95
:103FE000010A0A48006890F90A0000EE100AB8EECB
:103FF000C00A30EE800A0648D0ED030A30EEC00A4F
:1040000080ED030A70470000241300209010002068
:10401000F412002038B504F033FA04F091FB04F0F8
:10402000B1FB04F027FC2448FDF742F82348FCF7D5
:10403000C3FE2348FCF7C0FE2248FCF782FE02F0D4
:104040004DFB2148FCF77DFE20480068007A1E4C9D
:10405000009094ED030ABDEEC00A10EE104A23B2A0
:10406000194C94ED020ABDEEC00A10EE104A22B2BD
:10407000154C94ED010ABDEEC00A10EE104A21B2B3
:10408000114C94ED000ABDEEC00A10EE104A20B2A9
:1040900002F086FF0E48007801F0B8FB0D48B0F939
:1040A000000000F01FF80C48FCF786FE0B48FCF7F8
:1040B00048FE00F085FC38BDF412002024130020D7
:1040C000C412002004120020A4110020901000202F
:1040D0009A1000209C100020DC12002064120020A6
:1040E00000BFFEE710B504460A48B0F9000084425C
:1040F00000D110BD07480480FF2C00DDFF24002CF8
:1041000000DA0024812002F09BFAE0B202F098FA73
:1041100000BFEEE7EC10002000200CE0002106E0DC
:104120000022064B03EBC0135A544A1C11B28029DB
:10413000F6DB421C10B20828F0DB70473C1300206D
:104140002DE9FF4F06460F469446BCF1000F02DDF5
:104150000399002901DCBDE8FF8F002E01DA002160
:1041600000E03146884606EB0C010BB2802B00DDE7
:104170008023984500DBEEE7002F01DA002100E004
:1041800039468946039939440CB2402C00DD40245D
:10419000A14500DBDFE7A3EB08010FFA81FCA4EBEC
:1041A000090109B2039148462FE0454629E04FEA4C
:1041B000E07A00EB5A7A4FEAEA0ADFF858B00BEBE4
:1041C000CA1A1AF805A002464FEAE07B00EB5B7BB7
:1041D0004FEAEB0BA0EBCB0E4FF0010B0BFA0EFBF3
:1041E0002AEA0B0A01464FEAE07B00EB5B7B4FEAD1
:1041F000EB0BDFF820E00EEBCB1B0BF805A0691CE6
:104200000DB29D42D3DB411C08B2A042CDDB00BF02
:10421000A1E700003C1300202DE9F05F07460E46A1
:1042200091469B46B9F1000F01DCBDE8F09FC9F152
:1042300001000FFA80FA00254C465A4621462846CE
:104240000A9B01F0BFF828B1321911B27A1910B2E5
:1042500000F0DAF95A46604201B2684200B20A9BA5
:1042600001F0B0F828B1321B11B27A1B10B200F085
:10427000CBF95A46294620460A9B01F0A3F828B1FB
:10428000721911B23A1910B200F0BEF95A466842DA
:1042900001B2604200B20A9B01F094F828B1721B8F
:1042A00011B23A1B10B200F0AFF90B98B0B16042F6
:1042B0000FFA80F810E05A46414600200A9B01F0B0
:1042C00081F828B106EB080001B2384600F09CF9ED
:1042D00008F101000FFA80F8A045ECDBD3E0681C80
:1042E00005B2BAF1000F05DA6800401C50440FFA1D
:1042F00080FA07E0601E04B2281B4000401C5044B6
:104300000FFA80FA5A46214628460A9B01F05AF8CD
:1043100028B1321911B27A1910B200F075F95A4663
:10432000294620460A9B01F04DF828B1721911B2B6
:104330003A1910B200F068F95A46604201B2684278
:1043400000B20A9B01F03EF828B1321B11B27A1B71
:1043500010B200F059F95A46684201B2604200B208
:104360000A9B01F02FF828B1721B11B23A1B10B250
:1043700000F04AF95A46604201B228460A9B01F011
:1043800021F828B1321B11B27A1910B200F03CF9B1
:104390005A46684201B220460A9B01F013F828B140
:1043A000721B11B23A1910B200F02EF95A4621468A
:1043B000684200B20A9B01F005F828B1321911B227
:1043C0007A1B10B200F020F95A462946604200B22A
:1043D0000A9B00F0F7FF28B1721911B23A1B10B214
:1043E00000F012F90B9800284DD060420FFA80F8C7
:1043F00020E05A46414628460A9B00F0E3FF30B1D0
:1044000006EB080211B27A1910B200F0FDF85A4614
:104410004146684200B20A9B00F0D4FF30B106EB7F
:10442000080211B27A1B10B200F0EEF808F1010098
:104430000FFA80F8A045DCDB68420FFA80F820E034
:104440005A464146604200B20A9B00F0BBFF30B1C1
:1044500006EB080211B23A1B10B200F0D5F85A462A
:10446000414620460A9B00F0ADFF30B106EB080242
:1044700011B23A1910B200F0C7F808F101000FFAB2
:1044800080F8A845DCDBA542FFF629AF00BFCCE6EB
:104490002DE9FF4F86B0069E079CDDF82080DDF8F1
:1044A00024900020019000904C450FD1464502DD3C
:1044B000B2464646D046354605E02146284600F03D
:1044C000A3F8681C05B24545F7DD99E046450FD1D4
:1044D0004C4502DDA2464C46D146274605E039460A
:1044E000304600F091F8781C07B24F45F7DD87E0C1
:1044F000464505DDB2464646D046A2464C46D14624
:104500004C4507DD604204B2C9F100000FFA80F9A2
:1045100001200190A9EB0400A8EB0601884207DD09
:10452000B24626465446C246C846D14601200090AF
:10453000A8EB060000B20590A9EB04000FFA80FB7F
:104540004FEA4B0000B203900598ABEB000040002F
:1045500000B202900598C0EB4B0000B204903546C3
:104560002746019838B1009828B1684201B2384610
:1045700000F04AF812E0019828B1784201B22846CA
:1045800000F042F80AE0009820B12946384600F0D1
:104590003BF803E03946284600F036F82EE0681C68
:1045A00005B20498002805DADDE90310084400B2DA
:1045B000049006E0781C07B202990498084400B2FF
:1045C0000490019838B1009828B1684201B2384689
:1045D00000F01AF812E0019828B1784201B228469A
:1045E00000F012F80AE0009820B12946384600F0A1
:1045F0000BF803E03946284600F006F84545CEDBC7
:104600000AB0BDE8F08F000070B50346002B05DB53
:10461000002903DB7F2B01DC3F2900DD70BDCC17B7
:1046200001EB5474E4100C4D05EBC414E45C0A4631
:10463000CD1701EB5575ED10A1EBC5060125B54071
:104640002C430846CD1701EB5575ED10024E06EBD5
:10465000C515EC5400BFE1E73C1300202DE9FF4FE6
:1046600084B0804689469246BAF1000F01D007987F
:1046700010B908B0BDE8F08F464608EB0A00401EAE
:1046800007B24C4607984844401E05B2002E00DA97
:104690000026802F00DB7F27002C00DA0024402D2D
:1046A00000DB3F25B81B401C00B20390281B401CB8
:1046B00000B202900398002802DD0298002800DC76
:1046C000D7E7119800BBB3460BE021465846FFF7E9
:1046D0009BFF29465846FFF797FF0BF101000FFAA1
:1046E00080FBBB45F1DDA3460BE059463046FFF7A2
:1046F0008BFF59463846FFF787FF0BF101000FFA91
:1047000080FBAB45F1DD4FE02046E11704EB517132
:10471000C9100BB22846E91705EB5171C9100FFA01
:1047200081FC2046E11704EB5171C910A4EBC102D2
:10473000FF219140C9B201912846E91705EB51715B
:10474000C910A5EBC101C1F10702FF211141009180
:10475000314626E0184620E0FF22984203D1DDF8DA
:1047600004B002EA0B02604503D1DDF800B002EAB2
:104770000B0200280FDB08280DDADFF830B00BEB56
:10478000C01B1BF801B04BEA020BDFF820E00EEB78
:10479000C01E0EF801B0421C10B26045DCDD481CA2
:1047A00001B2B942D6DD00BF00BF62E73C13002072
:1047B0002DE9FC4705460E4617469846DDE90A49AD
:1047C00017B1B8F1000F01D1BDE8FC8707EBD77234
:1047D0005210A24204DB08EBD8725210A24209DA4E
:1047E000474501DA394600E04146084601EBD07101
:1047F00049100CB2002C08DC43463A4631462846A4
:10480000CDF80090FFF72AFFDEE7022C38D13146C1
:10481000681C00B2FFF7F8FEE919891E08B231469C
:10482000FFF7F2FE06EB0800401E01B2681C00B262
:10483000FFF7EAFE06EB0802521E11B2EA19921EB9
:1048400010B2FFF7E1FE701C01B22846FFF7DCFE54
:1048500006EB0800801E01B22846FFF7D5FEE919D5
:10486000491E08B2711C09B2FFF7CEFE06EB080222
:10487000921E11B2EA19521E10B2FFF7C5FE37E0C0
:104880006FF05900321911B22A19CDE9000910B29E
:10489000B4232246FFF7C0FC0020321911B2EA19F6
:1048A000121B521ECDE9000910B26FF059032246C7
:1048B000FFF7B2FCB42006EB0802121B521E11B225
:1048C0002A19CDE9000910B25A232246FFF7A4FCA9
:1048D0005A2006EB0802121B521E11B2EA19121BD3
:1048E000521ECDE9000910B200232246FFF794FCC6
:1048F000B9F1000F18D00120022101FB14710AB296
:104900002919009008B243463146FFF7A7FE01205F
:104910000090022000FB148003B2301901B23A4625
:104920002846FFF79BFE48E0E919091B491E0AB219
:10493000291908B233463146FFF7AAFD06EB080CE9
:10494000ACF1010C0FFA8CF305EB070CACEB040C8B
:10495000ACF1010C0FFA8CF206EB080CACF1010C77
:104960000FFA8CF105EB040C0FFA8CF0FFF790FDB9
:1049700006EB0800001B401E03B2301901B22A46A4
:104980002846FFF785FD06EB080CACEB040CACF1F8
:10499000010C0FFA8CF305EB070CACF1010C0FFACC
:1049A0008CF206EB040C0FFA8CF105EB070CACF162
:1049B000010C0FFA8CF0FFF76BFD00BF04E700005D
:1049C0002DE9F0432DED048B89B0F848807880B94B
:1049D000B3EE0E0AF64880ED070A9FEDF60A80ED69
:1049E000060A9FEDF50A80ED040A9FEDF40A80EDBA
:1049F000050AF348006820B909B0BDEC048BBDE896
:104A0000F083EF49096891F910000021FCF752FF8B
:104A10000546EB49096891F910000121FCF74AFFAE
:104A20000446E248807801281BD0E14890ED030A53
:104A3000F3EE0E0AB4EE600AF1EE10FA7ED090EDBD
:104A4000020ADFEDDC0AB4EE600AF1EE10FAF5D0EE
:104A500090ED010ADFEDD90AB4EE600AF1EE10FA2A
:104A6000ECD0D7480068007AF0BB0020DFF840C3E4
:104A700000909CED030AF0EE000A30EE200ABDEE35
:104A8000C00A10EE10CA0FFA8CF3DFF824C39CEDB5
:104A9000020AF0EE000A30EE200ABDEEC00A10EE67
:104AA00010CA0FFA8CF2DFF808C39CED010AF7EE8A
:104AB000000A30EE600ABDEEC00A10EE10CA0FFA0E
:104AC0008CF1DFF8ECC29CED000AF7EE000A30EE44
:104AD000600ABDEEC00A10EE10CA0FFA8CF0FFF7A4
:104AE000BDFDDFF8CCC200E029E09CED030ABDEE7D
:104AF000C00A10EE10CA0FFA8CF3DFF8B4C29CEDB6
:104B0000020ABDEEC00A10EE10CA0FFA8CF2DFF8EE
:104B1000A0C29CED010ABDEEC00A10EE10CA0FFA49
:104B20008CF1DFF88CC29CED000ABDEEC00A10EEDD
:104B300010CA0FFA8CF0FFF703FB68E0CDE300200A
:104B40000221DFF86CC2CDE900109CED030AF0EE03
:104B5000000A30EE200ABDEEC00A10EE10CA0FFAAD
:104B60008CF3DFF84CC29CED020AF0EE000A30EE46
:104B7000200ABDEEC00A10EE10CA0FFA8CF2DFF860
:104B800030C29CED010AF7EE000A30EE600ABDEE7D
:104B9000C00A10EE10CA0FFA8CF1DFF814C29CEDB7
:104BA000000AF7EE000A30EE600ABDEEC00A10EE11
:104BB00010CA0FFA8CF0FFF7FBFDDFF8F4C19CED93
:104BC000030ABDEEC00A10EE10CA0FFA8CF3DFF82C
:104BD000E0C19CED020ABDEEC00A10EE10CA0FFA49
:104BE0008CF2DFF8CCC19CED010ABDEEC00A10EEDC
:104BF00010CA0FFA8CF1DFF8B8C19CED000ABDEEC7
:104C0000C00A10EE10CA0FFA8CF0FFF799FA684844
:104C1000D0ED020A6A480068B0F91200400000EEC8
:104C2000100AB8EEC00A30EEC00AF1EE000A30EE0B
:104C3000600ABDEEC00A10EE100A07B20026604AF4
:104C4000126891695E4A1268D069FCF755FE804689
:104C500008F1010000287DD0B8F1010F7BD1584840
:104C60000068C069B0F9003056A221462846FCF71A
:104C700043F800EE100AF8EEC00A4D4890ED021A13
:104C80004F480068B0F91200400000EE100AB8EE7C
:104C9000C00A31EE400A30EE600AF1EE000A30EE52
:104CA000600ABDEEC00A10EE100A07B24448006860
:104CB000C069B0F9003043A221462846FCF71CF831
:104CC00006463F480068C069B0F900103DA3E0B255
:104CD000EAB2CDE90431CDE902203548D0ED010A30
:104CE00037480068B0F9140000EE100AB8EEC00AA8
:104CF00030EE800ABDEEC00A10EE100A00B22C4958
:104D0000D1ED000A2E490968B1F9001000EE101A21
:104D1000B8EEC00A30EE800AF7EE000A70EE600AC4
:104D200027490968B1F9121000EE101AB8EEC00A4E
:104D300070EEC00A00EE106AB8EEC00A30EEC00A8B
:104D4000BDEEC00A10EE101A09B2DFF864C0CDE95A
:104D5000001001E0E6E137E09CED030ABDEEC00A79
:104D600010EE10CA0FFA8CF3DFF844C09CED020A73
:104D7000BDEEC00A10EE10CA0FFA8CF2DFF830C098
:104D80009CED010ABDEEC00A10EE10CA0FFA8CF1BC
:104D9000DFF81CC09CED000ABDEEC00A10EE10CA80
:104DA0000FFA8CF000F0A3FCCAE000009E10002077
:104DB000641200200000704200000842000020C27F
:104DC0009410002025336400FE480068806990ED4F
:104DD000000A10EE101A0846FBF70DFC41EC180B08
:104DE0008DED008BF8A221462846FBF785FF00EEEB
:104DF000100AF8EEC00AF64890ED021AF148006871
:104E0000B0F91200400000EE100AB8EEC00A31EE10
:104E1000400A30EE600AF1EE000A30EE600ABDEEA4
:104E2000C00A10EE100A07B2E6480068806990EDEB
:104E3000000A10EE101A0846FBF7DDFB41EC180BD8
:104E40008DED008BE0A221462846FBF755FF064674
:104E5000DC480068806990ED000A10EE101A0846E0
:104E6000FBF7C9FB41EC180B8DED068BD6A3E0B226
:104E7000E9B2D74AD2ED010AD24A1268B2F9142037
:104E800000EE102AB8EEC00A30EE800ABDEEC00A6D
:104E900010EE102A12B2CDE90303CDE90121CC486E
:104EA000D0ED000AC7480068B0F9000000EE100A13
:104EB000B8EEC00A30EE800AF7EE000A70EE600A23
:104EC000C0480068B0F9120000EE100AB8EEC00A3F
:104ED00070EEC00A00EE106AB8EEC00A30EEC00AEA
:104EE000BDEEC00A10EE100A00B2DFF8E4C2009076
:104EF0009CED030ABDEEC00A10EE10CA0FFA8CF347
:104F0000DFF8CCC29CED020ABDEEC00A10EE10CA5A
:104F10000FFA8CF2DFF8B8C29CED010ABDEEC00AB0
:104F200010EE10CA0FFA8CF1DFF8A4C29CED000A53
:104F3000BDEEC00A10EE10CA0FFA8CF000F0D7FBDD
:104F400000200221DFF888C2CDE90010DCED020A62
:104F5000DFF870C2DCF800C0BCF92EC04FEA4C0C80
:104F600000EE10CAB8EEC00A30EEC00ABDEEC00AAC
:104F700010EE10CA0FFA8CF2DFF854C29CED010A51
:104F8000DCED030A70EE200ADFF838C2DCF800C05E
:104F9000BCF930C000EE10CAB8EEC00A70EEC00A0C
:104FA000DFF820C2DCF800C0BCF92CC000EE10CA4B
:104FB000B8EEC00A30EEC00ABDEEC00A10EE10CA4C
:104FC0000FFA8CF1DFF808C2DCED000ADFF8F4C15B
:104FD000DCF800C0BCF92EC000EE10CAB8EEC00A62
:104FE00030EE800ABDEEC00A10EE10CA0FFA8CF047
:104FF000DFF8D0C1DCF800C0BCF93030FFF7D8FBD7
:105000000120DFF8CCC10090DCED020ADFF8B4C16A
:10501000DCF800C0BCF92EC04FEA4C0C00EE10CA00
:10502000B8EEC00A30EEC00AF1EE000A30EE600AB7
:10503000DFF8A0C1DCED000AB4EEE00AF1EE10FAF0
:1050400016D8DFF88CC1DCED020ADFF878C1DCF895
:1050500000C0BCF92EC04FEA4C0C00EE10CAB8EEEE
:10506000C00A30EEC00AF1EE000A30EE600A03E03A
:10507000DFF860C19CED000ABDEEC00A10EE10CA58
:105080000FFA8CF2DFF848C19CED010ADCED030A4F
:1050900070EE200ADFF82CC1DCF800C0BCF930C08B
:1050A00000EE10CAB8EEC00A70EEC00ADFF814C1F4
:1050B000DCF800C0BCF92CC000EE10CAB8EEC00A83
:1050C00030EEC00AF0EE000A30EE200ABDEEC00A53
:1050D00010EE10CA0FFA8CF1DFF8F4C0DCED000A14
:1050E000DFF8E0C0DCF800C0BCF92EC000EE10CA4A
:1050F000B8EEC00A30EE800AF0EE000A30EE200A68
:10510000BDEEC00A10EE10CA0FFA8CF0DFF8B4C082
:10511000DCF800C0BCF830C0ACF1040C0FFA8CF322
:10512000FFF79CFA27480068C06800287DD0254812
:1051300000682146C2682846FBF7DEFD8146B94576
:105140003CDD234890ED000AD0ED040AB4EE600A7D
:10515000F1EE10FA32D190ED010AD0ED050AB4EE6D
:10516000600AF1EE10FA29D190ED020AD0ED060A9C
:10517000B4EE600AF1EE10FA20D190ED030AD0ED02
:10518000070AB4EE600AF1EE10FA17D10D48006874
:1051900090ED0D0A10EE101A0846FBF72CFA41ECC0
:1051A000190B9FED0D0B53EC102BFBF70DF941EC98
:1051B000180BFBF763FA0349096848630148006864
:1051C0000EE000009410002025352E32660000000D
:1051D00064120020DC120020000000000000E03F0C
:1051E000D0ED0D0AC9F1000000EE100AB8EEC00AB9
:1051F000F4EEC00AF1EE10FA08D2781C00EE100AA4
:10520000B8EEC00A3848006880ED0D0A36480068DC
:10521000C168E0B2EAB2354BD3ED010A324B1B68EC
:10522000B3F9143000EE103A00E055E0B8EEC00AD1
:1052300030EE800ABDEEC00A10EE103A1BB2CDE986
:105240000132CDE903012948D0ED000A2648006863
:10525000B0F9120000EE100AB8EEC00A30EE800A73
:1052600021480068D0ED0D0A30EE200ABDEEC00ADC
:1052700010EE100A00B21D4A0090D2ED010A1A4A3F
:105280001268B2F9142000EE102AB8EEC00A30EE0F
:10529000800ABDEEC00A10EE102A11B2134AD2EDF8
:1052A000000A114A1268B2F9122000EE102AB8EE74
:1052B000C00A30EE800ABDEEC00A10EE102A10B20D
:1052C0000A4A92ED030ABDEEC00A10EE102A13B28C
:1052D0003A4600F00CFA00BF02E0002002490860E4
:1052E00000BFFFF789BB000094100020641200206B
:1052F00010B54FF4001032490860002006E000218C
:1053000000E0491CB1F57A7FFBDB401CB0F57A7FE9
:10531000F5DB20202A490860AE2001F091F9FD203C
:1053200001F08EF9122001F08BF9D52001F088F9F7
:10533000A02001F085F9A82001F082F93F2001F0BA
:105340007FF9D32001F07CF9002001F079F94020A9
:1053500001F076F9A12001F073F9C82001F070F98D
:10536000DA2001F06DF9122001F06AF9812001F0D4
:1053700067F9FF2001F064F9D92001F061F92520D7
:1053800001F05EF9DB2001F05BF9342001F058F9FF
:10539000A42001F055F9A62001F052F9FEF7BCFE59
:1053A000AF2001F04DF9002006E0002100E0491C8B
:1053B000B1F57A7FFBDB401CB0F57A7FF5DB10BDE1
:1053C000180402402DE9F0412DED0A8B80460F466E
:1053D00014461D464046FBF7DEF841EC1B0B3846F1
:1053E000FBF7D9F841EC1C0BB0EE4B1AF0EE6B1A40
:1053F000B0EE4C0AF0EE6C0A04F036F8B0EE40AABB
:10540000F0EE60AA9FED130B53EC102B51EC1A0B2E
:10541000FBF752F841EC180B9FED100B53EC102BDF
:10542000FAF7D8FF41EC190BFBF7C6F806B2AC420D
:1054300008DAA6420CDBAE420ADC0120BDEC0A8B86
:10544000BDE8F081A64201DAAE4201DC0120F5E7B9
:105450000020F3E71F85EB51B81E09400000000053
:105460000080664070B52DED028B82B08548807853
:10547000854988708348C078C87082480078087071
:105480008048407848708148407A7E4908707F485B
:10549000807A487080217E48FCF79CFD79498870AD
:1054A0004FF480717A48FCF795FD7649C87000206A
:1054B00076494872887274488078E0BB7148807879
:1054C000C8BB74480088401C00B272490880084676
:1054D000B0F9000000EE100AB8EEC00ADFED6E0A67
:1054E000B4EEE00AF1EE10FA31DB6C480088401CA3
:1054F00000B26A4908806748B0F90000FBF74BF832
:1055000041EC180B9FED660B53EC102BFBF79EF84C
:1055100001D8012000E00A206049B1F9001088425A
:105520000ADC01206049087000205C4908800120E5
:105530005D4908700BE003E000205B49087006E05D
:1055400000205449088055490880574908704E4842
:10555000C078E0BB4B48C078C8BB54480088401CAA
:1055600000B2524908800846B0F9000000EE100A67
:10557000B8EEC00ADFED480AB4EEE00AF1EE10FA28
:1055800031DB4B480088401C00B24949088047483D
:10559000B0F90000FAF7FFFF41EC180B9FED400B4C
:1055A00053EC102BFBF752F801D8012000E00A2041
:1055B0003F49B1F9001088420ADC01203D490870DA
:1055C00000203B49088001203A4908700BE003E0C5
:1055D00000203849087006E000203449088034492A
:1055E000088034490870274880782649C97888425D
:1055F00004D100202C4908702E4908702E490968F2
:105600000869FCF74BF90646002001902A4800681B
:10561000B0F93A402546FCF73FF8204404B2194857
:10562000807819498978884203D016488078012803
:1056300002D01D48007808B1601E04B21148C0783D
:105640001149C978884203D00E48C078012802D099
:105650001848007808B1601C04B2601B00B2ADF8B5
:105660000600701EA04200DC04B2002C00DC002406
:10567000601B00B2ADF80400019802B0BDEC028BD3
:1056800070BD0000861000208A10002060170020E6
:1056900000140240A410002000002042A6100020A8
:1056A0000000000000806140A2100020A81000202F
:1056B000AA100020A3100020901000200FB470B595
:1056C000A2B005460E4614462AA8019002A8019AE7
:1056D000299903F017FD00200190234602AA3146C4
:1056E000284600F07BFC22B070BC5DF814FB2DE96D
:1056F000F04FA7B004460D4616461F46DDE932AB13
:10570000DDE9308935A8069007A8069A349903F098
:10571000F9FC0020069007A83B4632462946CDE911
:1057200003ABCDE900890290204600F017FC27B0BA
:10573000BDE8F08F2DE9F04F044615461E46002DBA
:1057400001DD002E01DCBDE8F08F7F2C00DDFAE7E3
:105750003F2900DDF7E76219802A02DDC4F18002EB
:1057600015B28A19402A02DDC1F1400216B262194F
:10577000002A00DAE7E78A19002A00DAE3E7002CBA
:1057800002DA4FF0000C00E0A446002902DA4FF0E4
:10579000000800E08846404630E0674629E04FEACE
:1057A000E07900EB59794FEAE909DFF85CA00AEBF0
:1057B000C91919F8079003464FEAE07A00EB5A7AC4
:1057C0004FEAEA0AA0EBCA0B4FF0010A0AFA0BFAF9
:1057D00089EA0A0902464FEAE07A00EB5A7A4FEA70
:1057E000EA0ADFF824B00BEBCA1A0AF807907A1C11
:1057F00017B26219BA42D2DC421C10B28A19824234
:10580000CBDC00BF9FE700003C130020014908707B
:1058100070470000EA10002030B505460C4645F000
:10582000B00000F00DFF102141EA141000F008FF55
:1058300004F00F0000F004FF30BD0000F8B506468C
:105840000F4614461D46082D0CD1A4F120001F4917
:1058500001EB00101023082239460090304600F07A
:10586000AFF931E0062D0ED1A4F1200000EB40008D
:10587000174901EB400008230622394600903046C4
:1058800000F09EF920E0072D0ED1A4F12000C0EB1E
:10589000C000104901EB40000C230722394600905C
:1058A000304600F08DF90FE00A2D0DD1A4F1200053
:1058B000C0EB0010084901EB400014230A223946CE
:1058C0000090304600F07CF9F8BD000052AE0008B0
:1058D00074B9000842B4000830A300082DE9F04F65
:1058E00085B004460D4616461F46DDE90EABDDE9E0
:1058F0001089B9F1080F0ED1A8F12000254901EB5C
:1059000000101023082259468DE8F00004905046FC
:1059100000F04EFA3AE0B9F1060F10D1A8F12000DC
:1059200000EB40001C4901EB4000082306225946C9
:105930008DE8F0000490504600F03AFA26E0B9F104
:10594000070F10D1A8F12000C0EBC000134901EBF4
:1059500040000C23072259468DE8F0000490504681
:1059600000F026FA12E0B9F10A0F0FD1A8F12000D9
:10597000C0EB00100A4901EB400014230A225946EB
:105980008DE8F0000490504600F012FA05B0BDE832
:10599000F08F000052AE000874B9000842B400084D
:1059A00030A300082DE9F04F89B080468946924621
:1059B0009B46159E0020089007900027EDE0149864
:1059C000C15D07AA089811540898401CC0B20890FD
:1059D000089802287ADB00200890082E01D1734D28
:1059E0000AE00C2E01D1724D06E0102E01D1714D4E
:1059F00002E0142E00D1704D082E31D100240BE0AE
:105A000004EB440101EBC401481907A9FAF72DFC86
:105A100000B90BE0601CC4B204EB440101EBC4010B
:105A2000481966A1FAF721FC0028E9D100BF04EB70
:105A3000440000EBC4002844C01C791C8DE8000F12
:105A40000691049001EBD1714910491E129A02EBA4
:105A5000C10108B208231A46139900F0A9F999E088
:105A60000C2E34D100240BE004EBC40101EB410106
:105A7000481907A9FAF7F9FB00B90BE0601CC4B29A
:105A800004EBC40101EB410148194CA1FAF7EDFB0D
:105A90000028E9D100BF04EBC40000EB400028441B
:105AA000C01C791C8DE8000F0691049001EBD171A8
:105AB0004910491E01EB4102129901EB820108B223
:105AC0000C231A46139900F073F963E063E0102E7B
:105AD00031D100240BE0C4EBC40101EB8101481972
:105AE00007A9FAF7C2FB00B90BE0601CC4B2C4EB13
:105AF000C40101EB8101481930A1FAF7B6FB002877
:105B0000E9D100BFC4EBC40000EB80002844C01CF6
:105B1000791C8DE8000F0691049001EBD1714910BA
:105B2000491E129A02EB011108B210231A4613996A
:105B300000F03EF92EE0142E2CD1002409E0C4EB35
:105B40008411481907A9FAF790FB00B909E0601C15
:105B5000C4B2C4EB8411481918A1FAF786FB0028D7
:105B6000EDD100BFC4EB84102844C01C791C8DE823
:105B7000000F0691049001EBD1714910491E01EB11
:105B80008102129901EB820108B214231A4613997B
:105B900000F00EF900BF781CC7B21498C05D002851
:105BA0007FF40DAF09B0BDE8F08F0000D0DF000832
:105BB0000ED500087AC80008AEBB0008000000003F
:105BC0002DE9FF4F07460C4615469946DDF834B0DF
:105BD00015B1B9F1000F01D1BDE8FF8F7F2F00DDB6
:105BE000FAE73F2C00DDF7E7002F01DA002000E0A4
:105BF0003846C0B20390002C01DA002000E02046B5
:105C0000C0B202907819401E7F2801DD7F2001E09C
:105C10007819401EC0B2019004EB0900401E3F28D5
:105C200001DD3F2002E004EB0900401EC0B20090FD
:105C300002990098401A431C03990198401A421C8B
:105C4000DDE90210FEF77CFA4FF0000873E0002651
:105C50006BE0B9190AB204EBC80108B2002A05DBEF
:105C60007F2A03DC002801DB3F2800DD5BE00146E2
:105C70004FEAE07C00EB5C7C4FEAEC0CDFF82CA1F7
:105C80000AEBCC1C1CF802C003464FEAE07A00EB9A
:105C90005A7A4FEAEA0AA0EBCA0A08FB056E1BF81B
:105CA0000EE00EFA0AFE4CEA0E0C4FEAE07A00EB28
:105CB0005A7A4FEAEA0ADFF8F4E00EEBCA1A0AF859
:105CC00002C008313F292DDC01464FEAE07C00EBA1
:105CD0005C7C4FEAEC0C0CF1010CF2460AEBCC1C9C
:105CE0001CF802C04FEAE07A00EB5A7A4FEAEA0A5F
:105CF000A0EBCA0ACAF1080A08FB056E1BF80EE001
:105D00004EFA0AFE4CEA0E0C4FEAE07A00EB5A7AA1
:105D10004FEAEA0A0AF1010ADFF890E00EEBCA1A2C
:105D20000AF802C000BF701CC6B2AE4291DB08F197
:105D3000010000F0FF08A9F10100C11700EB51714B
:105D4000012202EBE101414581DC002C2BDA002627
:105D500027E0B91908B2002801DB7F2800DD1EE02A
:105D60006242D31702EB5373DB1003FB05631BF88E
:105D7000033061424FEAE17C01EB5C7C4FEAEC0CC2
:105D8000A1EBCC0C43FA0CF3DFF820C01CF800C0E8
:105D900043EA0C03DFF814C00CF8003000BF701C9D
:105DA000C6B2AE42D5DB00BF16E700003C130020B0
:105DB0002DE9F04F85B0044672B16BB1109858B11F
:105DC000119848B17F2C07DC0E987F2804DC3F290E
:105DD00002DC0F983F2802DD05B0BDE8F08F0E9879
:105DE000844201DA0E9800E020460490109D0E983F
:105DF0002844401EA5186D1EA84204DA109D0E9876
:105E00002844401E01E0A018401E06B20F988142AF
:105E100001DA0F9800E008460390119D0F9828447E
:105E2000401ECD186D1EA84204DA119D0F9828441B
:105E3000401E01E0C818401E07B27F2E01DD7F2002
:105E400000E0304606463F2F01DD3F2000E03846A7
:105E500007460498B04202DC0398B84200DDBBE775
:105E600000256EE04FF0000C67E004EB0C0000F042
:105E7000FF080498804501DBB04500DD59E04FF094
:105E8000000952E001EBC50ACA440AF0FF00DDF840
:105E90000CA0504501DBB84200DD42E082464FEAEB
:105EA000E07B00EB5B7BCBF3C70BCDF808B04FEA90
:105EB000E07B00EB5B7B4FEAEB0BA0EBCB0B0BF03B
:105EC000FF0BCDF804B005FB02CBDDF848A01AF8B3
:105ED0000BB0CDF800B04FF0010A0AFA09FADDF86C
:105EE00000B00AEA0B0ABAF1000F19D0DFF868B067
:105EF000DDF808A00BEBCA1A1AF808A04FF0010E43
:105F0000DDF804B00EFA0BFE4AEA0E0A0AF0FF0BA7
:105F1000DFF844E0DDF808A00EEBCA1A0AF808B072
:105F200000BF09F1010000F0FF09B9F1080FA9DB7A
:105F300000BF0CF1010000F0FF0C944595DB681CDC
:105F4000C5B2581E4FEAE07C00EB5C7CB5EBEC0F71
:105F500088DD00BF40E700003C1300202DE9FF4F23
:105F600085B081468A469346DDE91578DDE912560B
:105F7000149C2DE0207800F08000D0B1002004E0D7
:105F8000215C04AA1154411CC8B20228F8DB00208D
:105F90008DF8120004A8CDE90207CDE900565A4653
:105FA00051464846089BFFF7FDFCE81905B2A41CC2
:105FB0000EE02078CDE90208CDE900565A46514658
:105FC0004846089BFFF78AFC05EB080005B2641CF5
:105FD00020780028CED109B0BDE8F08F2DE9F0413E
:105FE0000646884615461F46002409E02A5D04FB44
:105FF000076108B23B464146FFF720FC601CC4B273
:10600000285D0028F2D1BDE8F08110B5FAF72EFE28
:1060100010BD000001211F4A91709FED1F0A1F490A
:1060200081ED000A00211180B0F9001000EE101A75
:10603000B8EEC00A1A4981ED060AB0F9021000EE66
:10604000101AB8EEC00A164981ED070AB0F900200F
:10605000C2F1800101EBD172521000EE102AB8EEAD
:10606000C00A0F4A82ED040AB0F90220C2F14001D1
:1060700001EBD172521000EE102AB8EEC00A084AA5
:1060800082ED050A9FED040A80ED0D0A05490860BE
:10609000704700009E10002000000000DC1200206D
:1060A00064120020941000202DE9F04F87B00446C0
:1060B0000D4616461F46DDF84080002C02DA3019E6
:1060C00006B20024002D02DA781907B20025A019C3
:1060D000802802DDC4F1800006B2E819402802DD04
:1060E000C5F1400007B2002E01DD002F02DC07B031
:1060F000BDE8F08FB8F1010F02DBB8F1050F00DD4C
:10610000F5E71422274902A8FAF78BF8A0190FFA2D
:1061100080F9E8190FFA80FA28463FE00146C317D4
:1061200000EB5373DA10C31700EB5373DB10A0EBD3
:10613000C3030193012301998B40D9B200912146F9
:1061400028E00B1B03EBD37E4FEA6E0EA3EB4E0C45
:10615000431B03EBD37E4FEA6E0EA3EB4E0BA8F16D
:1061600001030DF1080E0EEB830303EB4B0313F851
:106170000C306BB10C4B03EBC2135B5CDDF800E041
:1061800023EA0E03DFF820E00EEBC21E0EF801300A
:106190004B1C19B24945D4DB411C08B25045BDDB4C
:1061A00000BFA4E71CA300083C13002010B5044660
:1061B000FFF79EF802480460FBF734F810BD0000BA
:1061C0009010002008B5FBF72DFBFBF721FB002802
:1061D0007BD0FBF73FFB0028FAD0FFF743F9009094
:1061E000E6488078012871D1BDF8020010B1002086
:1061F000E2490880E24A12689169E14A1268D0696E
:10620000FBF77AFB0346581C00285DD0012B5ED1BA
:10621000DB480068C069B0F9000000EE100AB8EE73
:10622000C00ABDF9020000EE900AF8EEE00AD44878
:10623000006890ED081A00EE810ABDEEC00A10EE6B
:10624000100A00B2CE490968C9690880CC480068C4
:10625000C069B0F9000000EE100AB8EEC00AC848E4
:106260000068D0ED090AB4EEE00AF1EE10FA0CD2A3
:10627000C348006890ED090ABDEEC00A10EE100A8E
:1062800000B2BF490968C9690880BD480068C06993
:10629000B0F9000000EE100AB8EEC00AB848006875
:1062A000D0ED0A0AB4EEE00AF1EE10FA53DDB4487C
:1062B000006890ED0A0ABDEEC00A10EE100A00B2A6
:1062C000AF490968C969088045E032E147E0AC4858
:1062D0000068806990ED000ABDF9020000EE900AA6
:1062E000F8EEE00AA648006890ED081A00EE810A70
:1062F000A3480068806980ED000AA14800688069B1
:1063000090ED000A9E480068D0ED090AB4EEE00A5C
:10631000F1EE10FA08D29A48006890ED090A984800
:106320000068806980ED000A95480068806990EDFA
:10633000000A93480068D0ED0A0AB4EEE00AF1EED4
:1063400010FA08DD8E48006890ED0A0A8C48006853
:10635000806980ED000A0020ADF8000000BFBDF9A3
:10636000000000283ADA002133E08648006800780F
:10637000F8B984480068808F28B982480068408F47
:1063800008B1FDF7D7FD7F480068B0F93C00002850
:1063900007DD7C480068808F401E00B2794A126891
:1063A000908778480068408F401E00B2754A126896
:1063B0005087744800680078012809D17148006846
:1063C000408F401E00B26F4A12685087FDF7EAFD09
:1063D000491CBDF9000040428842C6DCBDF90000FE
:1063E000002848DD002342E066480068007870BB62
:1063F000FBF7D4F9401E63490968B1F93C108842A3
:106400000CD1604909680869FBF748FA5D490968D9
:10641000B1F93A10884201D0FDF7E0FDFBF7BEF973
:10642000401E58490968B1F93C10884207DD5548BB
:106430000068808F401C00B2524909688887514823
:106440000068408F401C00B24E49096848874D489B
:1064500000680078012809D14A480068408F401C34
:1064600000B2484909684887FDF780FD5B1CBDF90B
:1064700000009842B8DC4448407844494978884252
:1064800018D041484078012814D13C48807810B990
:10649000FAF7ECFB0EE03A48006890ED010ADFEDF8
:1064A0003C0A20EE200ABDEEC00A10EE100A00B22F
:1064B000324908803448007834490978884237D016
:1064C00031480078012833D12C48807868BBFBF72D
:1064D000E5F82C48006800692A490968B1F93A10C2
:1064E00001EB410100EBC100C06808B3254800681A
:1064F000006924490968B1F93A1001EB410100EB48
:10650000C100C068007808B9012000E000201D49E2
:10651000096809691B4A1268B2F93A2002EB420283
:1065200001EBC201C968087002E00020134908802D
:1065300000BF12488078012805D110480088401C0F
:1065400000B20E4908800E480068A8B10B48B0F9A7
:1065500000100B48006890ED010ADFED0D0A20EEF7
:10656000200ABDEEC00A10EE100A00B2814203DB21
:10657000002002498870088008BD00009E1000209D
:106580009410002090100020861000208A10002017
:106590000000484210B5FDF7BFFDFDF73BFD00F0E0
:1065A000B5FD00F0DBFD00F003F800F01DF810BDB4
:1065B00008B50A480088401C00B20849088008480D
:1065C000007848B10846B0F9020006A3062200216F
:1065D00000906E20FFF772F808BD000080100020C8
:1065E0009B1000202533640010B500240BE000212F
:1065F0002046FFF711F9054901EBC410802100F096
:1066000007F8601CC4B2082CF1DB10BD3C1300205D
:1066100070B505460E4600240DE00848007818B114
:10662000285D00F033F804E0295DC943C8B200F0EA
:106630002DF8601CC4B2B442EFDB70BDEA1000203C
:106640004FF48001104A116049001160002115E0EB
:106650004FF080720C4B1A6000F0800212B15A1594
:106660001A6003E04FF00072074B1A604FF480721B
:10667000054B1A604206100E4A1CD1B20829E7DB0E
:106680008021014A11607047180402404021114ADC
:10669000116049041160002115E04FF080720D4B2C
:1066A0001A6000F0800212B15A151A6003E04FF030
:1066B0000072084B1A604FF48072064B1A60420653
:1066C000100E4A1CD1B20829E7DB8021014A116073
:1066D0007047000018040240704700002DE9F04F99
:1066E0002DED068BADB0FE4804683022FD4921A88F
:1066F000F9F797FD6022FC4909A8F9F792FD206996
:10670000FBF7CCF8089094F90A000021FBF7D2F8C7
:10671000054694F90A000121FBF7CCF80646DDE9AD
:106720002101CDE90601207800287DD108EE100A6C
:1067300008EE900A94F82C0001282FD10020009038
:106740009DED0C0AF0EE000A30EE200ABDEEC00A04
:1067500010EE107A3BB29DED0B0AF0EE000A30EE1F
:10676000200ABDEEC00A10EE107A3AB29DED0A0A78
:10677000F7EE000A30EE600ABDEEC00A10EE107AA5
:1067800039B29DED090AF7EE000A30EE600ABDEE5F
:10679000C00A10EE107A38B2FDF760FF94F82D00B1
:1067A000012802D1B01C08EE100A0027CEE1DDED71
:1067B000070A00EE105AB8EEC00A30EE800AB5EEB5
:1067C000C00AF1EE10FA08D39DED070ADFEDC70A03
:1067D000B4EEE00AF1EE10FA11DD94F90A0000EED1
:1067E000100AB8EEC00AC248D0ED000A30EE200A06
:1067F000DDED070A30EE200A8DED070AA4E107EB74
:106800004701206950F8312031462846FAF774FADA
:1068100080462B4606AA394620460096FAF77AFEAD
:1068200007EB4701206900E0FBE100EBC100C06815
:1068300000285AD0A81C08EE900A0FF2B82907EBDE
:106840004701206900EBC100C0680078012802D12F
:106850000FF2A42901E00FF2A429F1B2E8B29DEDF4
:10686000070ABDEEC00A10EE102A12B2CDE90319D4
:10687000CDE901209DED060ADDED0B0A30EE200A80
:10688000F8EEE80A30EE600AF2EE020A30EE600A34
:10689000BDEEC00A10EE100A00B200909DED0C0A89
:1068A000BDEEC00A10EE10CA0FFA8CF39DED0B0A74
:1068B000F1EE080A30EE600ABDEEC00A10EE10CA12
:1068C0000FFA8CF29DED0A0ABDEEC00A10EE10CA56
:1068D0000FFA8CF19DED090ABDEEC00A10EE10CA48
:1068E0000FFA8CF0FEF703FF02E0002008EE900A9A
:1068F0009DED0D0ADDED0F0A30EE200AF1EE080ADB
:1069000030EE600AF0EE000A30EE600ADDED230A98
:1069100030EE600AF8EEC80A30EE600AF8EEE80AD7
:1069200070EE600A00EE108AB8EEC00AF4EEC00AFB
:10693000F1EE10FA6CD29DED0F0ADDED0B0AB4EE0C
:10694000600AF1EE10FA38D19DED0D0ADDED090A6D
:10695000B4EE600AF1EE10FA2FD19DED100ADDEDD4
:106960000C0AB4EE600AF1EE10FA26D19DED0E0A83
:10697000DDED0A0AB4EE600AF1EE10FA1DD107EB64
:106980004702206900EBC20090ED050A10EE101AD4
:106990000846F9F730FE41EC1A0B9FED590B53EC0A
:1069A000102BF9F711FD41EC190BF9F767FE07EB16
:1069B0004702216901EBC201486107EB47012069E9
:1069C00000EBC100D0ED050AC8F1000000EE100A8E
:1069D000B8EEC00AF4EEC00AF1EE10FA18D29DED3E
:1069E0000D0ADDED0F0A30EE200AF1EE080A30EE56
:1069F000600ADDED060A30EE600AF8EEC80A30EEF5
:106A0000600A07EB4701206900EBC10080ED050A31
:106A100007EB4701206950F83110F0B2EAB29DED62
:106A2000070ABDEEC00A10EE103A1BB2CDE90132E2
:106A3000CDE9030107EB4701206900EBC10090EDB0
:106A4000050ADDED060AB8EEC81A70EE810A30EECE
:106A5000200ABDEEC00A10EE100A00B200909DEDB3
:106A60000B0AF1EE080A30EE600AF8EEC80A70EE82
:106A7000600ADFF86CC0DCF800C0BCF92EC000EE84
:106A800010CAB8EEC00A30EEC00AF0EE000A30EECE
:106A9000600AF8EEE80A30EE600ABDEEC00A10EEB9
:106AA00010CA0FFA8CF29DED090AF8EEC80A70EED2
:106AB000200ADFF82CC0DCF800C0BCF92EC000EEC4
:106AC00010CAB8EEC00A30EE800ABDEEC00A10EE61
:106AD00010CA0FFA8CF09DED0C0ABDEEC00A13E04F
:106AE00090100020F41200200412002000008042C8
:106AF0002413002000000000A1F60000A1F5000012
:106B0000000000000000E03F10EE10CA0FFA8CF306
:106B10009DED0A0ABDEEC00A10EE10CA0FFA8CF104
:106B2000FEF7E5FD94F90A0000EE100AB8EEC00A7F
:106B3000FE48D0ED000A30EE200ADDED070A30EE07
:106B4000200A8DED070A00BF781C07B2089887421B
:106B5000FFF62DAE0120F64A009092ED000AD4ED2A
:106B60000A0AB4EEE00AF1EE10FA02DD94ED0A0A28
:106B700002E0EF4A92ED000ABDEEC00A10EE102AC4
:106B800013B29DED090ADDED0B0A30EE200AF1EE9D
:106B9000040A30EE600ABDEEC00A10EE102A10B2F0
:106BA0009DED0A0ABDEEC00A10EE102A11B20522B0
:106BB000FDF754FD9DED0C0ADDED0A0A30EE200ACA
:106BC000F7EE000A30EE600ABDEEC00A10EE107A51
:106BD0003BB29DED090ADDED0B0A30EE200AF0EE26
:106BE000080A30EE600ABDEEC00A10EE107A3AB222
:106BF0009DED090ADDED0B0A30EE200AF0EE080AE1
:106C000030EE600ABDEEC00A10EE107A38B29DED8B
:106C10000A0ABDEEC00A10EE107A39B2FDF738FC50
:106C200000BF207801287CD14FF0000981E0DDED24
:106C3000060AB4F9360000EE100AB8EEC00A30EECB
:106C4000800AB5EEC00AF1EE10FA08D39DED060AEF
:106C5000DFEDB80AB4EEE00AF1EE10FA11DDB4F996
:106C6000360000EE100AB8EEC00AB048D0ED000AB7
:106C700030EE200ADDED060A30EE200A8DED060A20
:106C800053E09DED060A10EE101A0846F9F7B3FC22
:106C900041EC190BB0EE490AF0EE690A02F0DCFC97
:106CA000B0EE408AF0EE608A51EC180BF9F784FCE4
:106CB0000FFA80FA09EB4901206900EBC100006975
:106CC00008B99D4905E009EB4901206900EBC100C5
:106CD0000169B4F93400B4F932200023CDE901325E
:106CE0000093CDE90301B4F93830B4F936209DEDB5
:106CF000070ABDEEC00A10EE100A01B25046FFF7B7
:106D000057F8B4F9360000EE100AB8EEC00A87480A
:106D1000D0ED000A30EE200ADDED060A30EE200A42
:106D200000E027E18DED060A00BF09F101000FFA2E
:106D300080F908988145FFF67AAF804AB4F93400AB
:106D4000B4F932100023CDE901310093CDE90302FB
:106D5000B4F9329009EBD9714910C91E08B2052364
:106D600006220021FFF724F8B4F93A1001EB4101A3
:106D7000206950F8312031462846F9F7BDFF074613
:106D8000B4F93210B94235DA6D4890ED000AD0ED11
:106D9000020AB4EE600AF1EE10FA2DD190ED010A6C
:106DA000D0ED030AB4EE600AF1EE10FA24D1B4F982
:106DB0003A2002EB4202206900EBC20090ED050A86
:106DC00010EE101A0846F9F716FC41EC190B1FEDEE
:106DD000B40B53EC102BF9F7F7FA41EC180BF9F759
:106DE0004DFCB4F93A2002EB4202216901EBC201E9
:106DF000486101E001F02AFBB4F93A1001EB4101CE
:106E0000206900EBC100D0ED050A784200EE100ABF
:106E1000B8EEC00AF4EEC00AF1EE10FA0FD2B4F9DF
:106E20003200401C00EE100AB8EEC00AB4F93A1065
:106E300001EB4101206900EBC10080ED050AB4F9C6
:106E40003200B8420DDAB4F93A1001EB4101206981
:106E500000EBC10090ED050ADFED3A0A30EE200AA2
:106E600023E0B4F93A1001EB4101206950F83120D8
:106E700031462846F9F740FF814600EBD070B4F95F
:106E800032A00AEBDA714910A1EB600000EE100AA3
:106E9000B8EEC00AB4F93A1001EB4101206900EBE9
:106EA000C100D0ED050A30EE200ABDEEC00A10EE9A
:106EB000100A0FFA80FBB4F93A1001EB4101206986
:106EC00050F83100F1B2EAB2A38E94F90AC0A3EBF4
:106ED0000C031BB2CDE900B3CDE902210490B4F953
:106EE0003430B4F9322000210846FEF700FCB4F932
:106EF0003400802802DB4FF0050A01E04FF0030A5E
:106F0000D046012000900A4890ED000ABDEEC00A6C
:106F100010EE100A02B2208F0B3001B2434600205F
:106F2000FDF79CFBC14608EBD9700DE0241300204F
:106F3000C41200200000004328E2000822E20008FA
:106F4000F4120020000000004FEA600C208F0B308C
:106F5000604403B2C24608EBDA704FEA600C208F3F
:106F60000B30604401B2608E401E02B20020FDF77B
:106F70008FFA00BFA06908B1A06980472DB0BDECB1
:106F8000068BBDE8F08F00000020014908707047B3
:106F900098100020002001490870704799100020C7
:106FA0002DE9F04707460E4614461D46DDF82080C1
:106FB000B8F1060F7CD2DFE808F0030A35467C8C76
:106FC0002B46224631463846FEF7B4FB89E0032CB7
:106FD00021DB032D1FDB01231A4631463846FEF71D
:106FE000A9FB3919491E08B201231A463146FEF79A
:106FF000A1FB7019401E01B201231A463846FEF764
:1070000099FB7219521E11B23A19521E10B2012385
:107010001A46FEF78FFB2B46224631463846FEF7CE
:1070200089FB5EE02B46224631463846FEF782FB5E
:10703000A81E03B2A01E02B2701C01B2781C00B2DE
:10704000FEF778FB4DE02B46224631463846FEF7E8
:1070500071FBA81E03B2A01E02B2701C01B2781C04
:1070600000B2FEF767FB032C0DDB01231A46314605
:107070003846FEF75FFB3919491E08B201231A464C
:107080003146FEF757FB032D11DB7019401E01B28C
:1070900001231A463846FEF74DFB7219521E11B2F3
:1070A0003A19521E10B201231A46FEF743FB18E0AC
:1070B00010E00D49096891F90A000121FAF7FAFB7D
:1070C00081462B464A46701C01B23846FEF732FB19
:1070D00007E006E02B46224631463846FEF72AFBFB
:1070E00000BF00BFBDE8F0879010002030B5034618
:1070F0000C46002106E0585C655CA84201D00020E7
:1071000030BD491C9142F6DB0120F9E710B511486A
:10711000007801281DD11048006800690E490968EF
:10712000B1F93A1001EB410100EBC100406860B1D8
:10713000094909680969084A1268B2F93A2002EB5C
:10714000420201EBC20148688047FFF71DFFFAF7D2
:10715000A2FA10BD981000209010002008B5CD486C
:10716000007800287ED0CC48007878B1FAF740FF4C
:10717000CA4909682831884208D9C7480078401CA4
:10718000C5490870FAF734FFC4490860C24800785E
:10719000002868D1C2480068007800287DD1BD4829
:1071A000007801284ED1BE4800680069BC490968D2
:1071B000B1F93A1001EB410100EBC10080680078A1
:1071C000A0BBB748006890ED070ABDEEC00A10EEFC
:1071D000100A00B2B3490880B148006890ED080A6F
:1071E000BDEEC00A10EE100A00B2AF490880AC48EC
:1071F000006890ED090AF1EE040A30EE600ABDEE77
:10720000C00A10EE100A00B2A8490880A44800681D
:1072100090ED0A0AF0EE000A30EE600ABDEEC00AF8
:1072200010EE100A00B2A24908800BE0FFE7002030
:107230009C4908809C49088080209C490880402007
:107240009B4908809348007802285BD194480068E5
:10725000C0680078C8BB9248006890ED070ABDEE90
:10726000C00A01E015E153E010EE100A00B28D49AA
:1072700008808B48006890ED080ABDEEC00A10EE49
:10728000100A00B2884908808548006890ED090A14
:10729000F1EE040A30EE600A00E023E0BDEEC00A21
:1072A00010EE100A00B2814908807D48006890ED18
:1072B0000A0AF0EE000A30EE600ABDEEC00A10EED7
:1072C000100A00B27A4908801CE0FFE700207549E7
:1072D00008807549088080207449088040207449DE
:1072E00008800FE06E480068007801280AD100206D
:1072F0006C4908806C49088080206C4908804020D7
:107300006B49088064480078401C63490870C0E0FD
:107310006148007806287CD1052000906448B0F9C7
:1073200000306248B0F900205F48B0F900105D48B5
:10733000B0F90000FEF7B8FE002057490870584821
:107340000068007800284ED152480078012830D1DA
:1073500053480068006952490968B1F93A1001EBD5
:10736000410100EBC1008068007820B19FED510A17
:10737000514880ED000A514890ED020A48480068E3
:1073800080ED100A4D4890ED030A4548006880EDF5
:10739000110A43480068006941490968B1F93A1087
:1073A00001EB410100EBC10080683D490860F9F73D
:1073B00039FF38480078022810D139480068C06881
:1073C000007820B19FED3B0A3B4880ED000A34482D
:1073D0000068C06832490860F9F78AFEFFF7DAFDF5
:1073E00000F0FAFF3CE02E4800680078012837D111
:1073F0002848007801281FD1304890ED020A28481B
:10740000006880ED100A2D4890ED030A24480068BA
:1074100000E02CE080ED110A214800680069204955
:107420000968B1F93A1001EB410100EBC100806835
:107430001B490860F9F7F6FE16480078022806D1C5
:1074400017480068C06816490860F9F751FE9FEDBB
:10745000190A194880ED000A00F0BEFFFFF79AFDF7
:1074600000F0BAFFFFF796FDFAF715F911E00A48A8
:10747000007840B200900E48B0F900300B48B0F9E7
:1074800000200948B0F900100648B0F90000FEF7E6
:107490000BFE08BD99100020AC100020B010002099
:1074A00090100020B4100020B6100020B81000206A
:1074B000BA10002000000000C4120020F4120020C6
:1074C00010B5024600230868506248689062D1E90E
:1074D000020420430C6920434C6920430343D06AD3
:1074E00020F0F7001843D062002010BD0146086963
:1074F000C0B270470146086800F0030070470246BA
:1075000002F114004318186870470FB410B5044610
:107510000021DDE903021043059A1043069A104347
:10752000079A1043089A10430143606847F6FF62C8
:10753000904308436060002010BC5DF814FB0146D6
:1075400003200860002070470146D1F88000704792
:1075500010B50246002308689060D1E90104204379
:10756000CC6820430C6920430343D0686FF30B00C1
:107570001843D060002010BD70B585B005460C469C
:1075800000943720019040200290002003904FF497
:107590008060049069462846FFF7DAFF41F288329E
:1075A0003721284600F0DCF90646304605B070BDAC
:1075B00070B585B005460C460B4820430090292045
:1075C000019040200290002003904FF480600490CE
:1075D00069462846FFF7BCFF284600F0C9FA064670
:1075E000304605B070BD00000000108070B585B059
:1075F00005460C4600941020019040200290002087
:1076000003904FF48060049069462846FFF7A0FF7E
:1076100041F288321021284600F0A2F90646304691
:1076200005B070BD70B585B005460C4600940620C7
:10763000019040200290002003904FF4806004905D
:1076400069462846FFF784FF41F288320621284622
:1076500000F086F90646304605B070BD30B585B0FD
:107660000446002000900190029003904FF4806047
:10767000049069462046FFF76BFF204600F050F962
:107680000546284605B030BD30B585B004464FF4F8
:10769000D5700090082001904020029000200390B7
:1076A0004FF48060049069462046FFF751FF204662
:1076B00000F0E6FA0546284605B030BD70B585B045
:1076C00005460C46009412200190402002900020B4
:1076D00003904FF48060049069462846FFF738FF16
:1076E00041F288321221284600F03AF90646304627
:1076F00005B070BD70B585B005460C4600941120EC
:10770000019040200290002003904FF4806004908C
:1077100069462846FFF71CFF41F2883211212846AE
:1077200000F01EF90646304605B070BDF0B585B0D4
:10773000064614461D460094072001904020029002
:10774000002003904FF48060049069463046FFF7B4
:10775000FFFE41F288320721304600F001F907466A
:10776000384605B0F0BD30B585B004460020009025
:1077700002200190C0200290002003904FF480600E
:10778000049069462046FFF7E3FE204600F0BEF96C
:107790000546284605B030BD70B585B005460C4697
:1077A000009409200190C0200290002003904FF423
:1077B0008060049069462846FFF7CAFE284600F01C
:1077C000A5F90646304605B070BD30B585B0044613
:1077D0000020009033200190402002900020039070
:1077E0004FF48060049069462046FFF7B1FE41F2F5
:1077F00088323321204600F0B3F80546284605B00C
:1078000030BD70B585B005460C4600940D20019042
:1078100040200290002003904FF48060049069465D
:107820002846FFF795FE41F288320D21284600F0E8
:1078300097F80646304605B070BD70B585B0054670
:107840000C46002000900320019040200290002070
:1078500003904FF48060049069462846FFF778FE55
:1078600022460321284600F0AFF90646304605B00F
:1078700070BD000030B585B00446002000900C209B
:10788000019040200290002003904FF4806004900B
:1078900069462046FFF75CFE044A0C21204600F0B2
:1078A0005FF80546284605B030BD000000E1F5054B
:1078B00070B585B005460C46009419200190402013
:1078C0000290002003904FF480600490694628469F
:1078D000FFF73EFE41F288321921284600F040F8B9
:1078E0000646304605B070BD70B585B005460C46FD
:1078F00000941820019040200290002003904FF443
:107900008060049069462846FFF722FE41F28832E3
:107910001821284600F024F80646304605B070BD10
:1079200001460E480068C0084FF47A73B0FBF3F0CC
:1079300041F2883300FB03F200BF101EA2F10102E6
:1079400002D14FF000407047486B00F080000028E3
:10795000F3D0C52088630020F5E70000FC1000206C
:107960002DE9F04305460F46904666480068C0087A
:107970004FF47A71B0FBF1F000FB08F900BFB9F1E8
:107980000000A9F1010903D14FF00040BDE8F083E8
:107990006E6B06F045000028F1D006F40060002868
:1079A000EDD1686B00F0040010B10420A863EDE78E
:1079B000686B00F0010010B10120A863E6E7C52064
:1079C000A8632846FFF792FDB84201D00120DDE709
:1079D00000212846FFF793FD04464B48204008B994
:1079E0000020D3E704F00040B0F1004F02D14FF087
:1079F0000070CBE704F08040B0F1804F01D140200F
:107A0000C4E704F00050B0F1005F01D18020BDE771
:107A100004F08050B0F1805F02D14FF48070B5E780
:107A200004F00060B0F1006F02D14FF40070ADE7D8
:107A300004F08060B0F1806F02D14FF48060A5E760
:107A400004F08070B0F1807F02D14FF400609DE7B8
:107A500004F40000B0F5000F02D14FF4805095E718
:107A600004F48000B0F5800F02D14FF400508DE790
:107A700004F40010B0F5001F02D14FF4804085E7F8
:107A800004F48010B0F5801F02D14FF400407DE770
:107A900004F48020B0F5802F02D14FF4003075E758
:107AA00004F40030B0F5003F02D14FF480206DE7C0
:107AB00004F48030B0F5803F02D14FF4002065E738
:107AC00004F40040B0F5004F02D14FF480105DE7A0
:107AD00004F48040B0F5804F02D14FF4001055E718
:107AE00004F40050B0F5005F02D14FF480004DE780
:107AF00004F00800082801D1000547E74FF4803062
:107B000044E70000FC10002008E0FFFD10B501462E
:107B100016480068C0084FF47A74B0FBF4F041F2E4
:107B2000883400FB04F300BF181EA3F1010302D147
:107B30004FF0004010BD4A6B02F045000028F3D022
:107B400002F400600028EFD1486B00F0040010B18F
:107B500004208863EEE7486B00F0010010B10120BB
:107B60008863E7E7C52088630020E3E7FC10002076
:107B700010B5014613480068C0084FF47A74B0FB92
:107B8000F4F041F2883400FB04F300BF181EA3F1A7
:107B9000010302D14FF0004010BD4A6B02F04500D6
:107BA0000028F3D002F400600028EFD1486B00F009
:107BB000040010B104208863EEE7C520886300202C
:107BC000EAE70000FC1000202DE9F04304460F46D0
:107BD00090462A480068C0084FF47A71B0FBF1F073
:107BE00041F2883100FB01F900BFB9F10000A9F1B1
:107BF000010903D14FF00040BDE8F083666B06F049
:107C000045000028F1D006F400600028EDD1606B3B
:107C100000F0040010B10420A063EDE7606B00F0F9
:107C2000010010B10120A063E6E72046FFF75EFCEB
:107C3000B84201D00120DFE7C520A0630021204623
:107C4000FFF75DFC054605F4604020B9280CA8F854
:107C500000000020D0E705F48040B0F5804F02D14D
:107C60004FF40050C8E705F40040B0F5004F02D1D2
:107C70004FF48050C0E74FF48030BDE7FC10002087
:107C800010B5014618480068C0084FF47A74B0FB7C
:107C9000F4F041F2883400FB04F300BF181EA3F196
:107CA000010302D14FF0004010BD4A6B02F04500C5
:107CB0000028F3D002F400600028EFD1486B00F0F8
:107CC000040010B104208863EEE7486B00F0010067
:107CD00010B101208863E7E7486B00F0400008B16D
:107CE000402088630020DFE7FC10002010B5044628
:107CF000012007490870F8F761FF28B904480078A7
:107D000020F00100024908700148007810BD000011
:107D10000011002070B50446FAF76AF9054604E040
:107D2000F8F74CFF08B9002070BDFAF761F9401B65
:107D3000A042F5D34FF0FF30F6E700002DE9F04107
:107D40000646B46B3046F9F753FE02282CD0206C5F
:107D5000476DE06BD0F85480012F02D0B8F1010FCD
:107D60001FD11248216888632068C06B20F49D7081
:107D70002168C863A06B40F08040A0632046FAF7FA
:107D800000FF0546062D01D0052D05D12068FFF71F
:107D900071FDA16B0843A063012084F8340000202A
:107DA00020632046FAF7F4FDBDE8F081FF054000AE
:107DB00070B50646B46B206B82280AD12068FFF7A5
:107DC00059FD05462DB1A06B2843A0632046FAF764
:107DD000DFFD2068C06A20F008002168C86240F218
:107DE0003A5021688863012084F834000020206321
:107DF0002046FBF78BF870BD0146886B0268D26B9A
:107E000042F480720368DA6370472DE9F04389B069
:107E100004460F46FAF7ECF881464FF000080020C0
:107E2000019002903E4608212068FFF7DFFB0546DF
:107E30001DB1284609B0BDE8F0835022125B110441
:107E40002068FFF799FB05460DB12846F2E74FF091
:107E5000FF30039008200490302005900220069007
:107E6000002007900120089003A92068FFF728FB55
:107E70002068FFF7AAFC05460DB12846DAE71CE0AA
:107E80002068406B00F4001040B12068FFF75CFBF5
:107E900001A941F8280008F1010805E02068406BBD
:107EA00000F4005000B90EE0FAF7A2F8A0EB0900C8
:107EB000401C10B94FF00040BCE72068406B00F058
:107EC0002A000028DCD000BF2068406B00F00800CA
:107ED00018B1082021688863ACE72068406B00F087
:107EE000020018B1022021688863A3E72068406B74
:107EF00000F0200018B12020216888639AE740F242
:107F00003A502168886302980006029901F47F4183
:107F100040EA0120029901F47F0140EA1120029910
:107F200040EA11603060361D01980006019901F4A5
:107F30007F4140EA0120019901F47F0140EA1120CC
:107F4000019940EA11603060002073E730B58FB0CE
:107F50000446012003902068FFF7CCFA18B94FF0CF
:107F600080600FB030BD606C03281BD02068FFF725
:107F7000FAFB05460DB12846F3E700212068FFF71C
:107F8000BEFA606704212068FFF7B9FAA0670821EC
:107F90002068FFF7B4FAE0670C212068FFF7AFFA1A
:107FA00080210851606C032807D003A92068FFF7DF
:107FB00044FC05460DB12846D3E7606C032820D069
:107FC000BDF80C1021655022125B11042068FFF7E8
:107FD000E3FB05460DB12846C3E700212068FFF703
:107FE0008EFA606604212068FFF789FAA0660821EE
:107FF0002068FFF784FAE0660C212068FFF77FFA1B
:10800000206704212068FFF77AFA010DE16404A9D2
:108010002046FAF7BFFC10B14FF08050A1E7502086
:10802000005B01040A4600232068FFF77FFB05463A
:108030000DB1284695E7D4E90412A069CDE90012F4
:10804000029094E80F00FFF760FA002089E7000033
:10805000F8B5044600200090002600272068FFF7AE
:10806000FDFA05460DB12846F8BD2068FFF70CFB68
:10807000054645B10021A1642068FFF7EFFA0546E7
:108080001DB12846F0E70121A164A06C012808D1A8
:1080900000212068FFF770FA054615B14FF08050B7
:1080A000E2E71DE000212068FFF766FA05460DB102
:1080B0002846D9E718492068FFF77AFA054615B12E
:1080C0004FF08050D0E700212068FFF718FA0646ED
:1080D000012080EAD67080F001070098401C0090D3
:1080E0004FF6FF710098884201D2002FDAD04FF688
:1080F000FF710098884202D34FF08070B4E706F019
:108100008040B0F1804F02D10120606401E0002086
:1081100060640020A8E70000000010C170B50446AC
:108120000D4615B94FF0006070BD5022125B11046E
:108130002068FFF766FB06460EB13046F4E70021E3
:108140002068FFF7DCF928600020EDE77CB50446E5
:1081500000200090019000212068FFF7D0F900F086
:108160000070B0F1007F02D14FF400607CBD694621
:108170002046FFF74AFE05460DB12846F6E701986E
:1081800000F4803098B15022125B11042068FFF790
:10819000F3F905460DB12846E8E700212068FFF70E
:1081A00041FA05460DB12846E0E70020DEE74FF032
:1081B0008060DBE77CB50446002000900190002140
:1081C0002068FFF79CF900F00070B0F1007F02D149
:1081D0004FF400607CBD69462046FFF716FE054659
:1081E0000DB12846F6E7019800F4802098B150229E
:1081F000125B11042068FFF7BFF905460DB1284650
:10820000E8E702212068FFF70DFA05460DB1284680
:10821000E0E70020DEE74FF08060DBE710B50446C2
:10822000F8F7D8FC20B92046FFF760FD0249087036
:108230000148007810BD000000110020F0B589B0A1
:1082400007460D46144601261648007800F0010046
:1082500010B1032009B0F0BD35B1012D06D0022DBB
:108260000BD0032D18D10FE0002617E001A8F8F776
:108270009BFC07982060002610E001A8F8F794FC0A
:1082800008982080002609E001A8F8F78DFC0898DE
:10829000400A2060002601E0042600BF00BF3046EF
:1082A000D8E70000001100202DE9F04781460D4677
:1082B00016461F464FF0010847F23050FFF72AFDDF
:1082C000002802DA4046BDE8F0873A4631462846A3
:1082D000F8F79EFC58BB002016490860F9F788FEA5
:1082E000044600BF1348006830B9F9F781FE001B4F
:1082F00047F230518842F5D30E48006810B94FF06C
:10830000010814E000200B490860F9F771FE0446EB
:1083100005E0F8F753FC10B94FF0000806E0F9F754
:1083200067FE001B47F230518842F2D300BF40463F
:10833000C9E700000811002010B504462046FFF7E9
:10834000D5FC10BD2DE9F04781460D4616461F4667
:108350004FF0010800201E49086047F23050FFF737
:10836000D9FC002802DA4046BDE8F0873A4631469B
:108370002846F8F767FC40BBF9F73AFE044600BF11
:108380001348006830B9F9F733FE001B47F230514B
:108390008842F5D30E48006810B94FF0010814E088
:1083A00000200B490860F9F723FE044605E0F8F7C2
:1083B00005FC10B94FF0000806E0F9F719FE001BA4
:1083C00047F230518842F2D300BF4046CCE700006C
:1083D00004110020704700009FED100A104880ED46
:1083E000040A9FED0E0A80ED050A9FED0C0A80ED50
:1083F000060A9FED0A0A80ED070A9FED080A80ED44
:10840000000A9FED060A80ED010A9FED040A80ED47
:10841000020A9FED020A80ED030A70470000000087
:10842000A411002010B5012002490870F9F732F9B3
:1084300010BD00009810002010B5044602480470DA
:10844000F9F728F910BD00009910002010B50A486E
:10845000046800230AE09FED090A03EB4301206949
:1084600000EBC10080ED050A581C03B22069F9F742
:1084700015FA9842EFDC10BD9010002000000000BB
:108480002DE9F0412DED088BA948006800780028FF
:108490007DD1A84890ED020AF7EE000A30EE600A9E
:1084A000A54880ED040AA2480068B0F91400A0496C
:1084B000096891F90A1008449D490968B1F93A1010
:1084C000484300EE100AB8EEC00A9A48D0ED030AFD
:1084D00030EE200AF7EE000A30EE600A964880ED92
:1084E000050A9348006890F90A00801C00EE100A03
:1084F000B8EEC00A904880ED070A002008EE100A86
:108500008B48006890F82D0001280AD18849096835
:1085100091F90A000121F9F7CDF9801C40B208EE6B
:10852000100A002482480068006981490968B1F98D
:108530003A1001EB410100EBC100C06848B17C4931
:10854000096891F90A000021F9F7B4F9801C44B2D6
:1085500000E00024794890ED020AD0ED000A30EEE8
:10856000200A7448D0ED000A30EE600AF1EE080AE5
:1085700030EE600AF8EEC80A30EE600AF8EEC80A7B
:1085800070EE200A00EE104AB8EEC00A00E04FE09C
:1085900030EEC00A10EE101A0846F8F72CF841EC3D
:1085A0001A0B6349096891F90A000121F9F782F968
:1085B00006465F49096891F90A000021F9F77AF93E
:1085C00007465B480068006959490968B1F93A10E3
:1085D00001EB410150F8312031463846F8F78CFB69
:1085E00000EE100AB8EEC00AF0EE000A30EE200AE3
:1085F000F8EEC80A30EE200A10EE105A2846F7F7B7
:10860000FAFF41EC1B0BB0EE4A1AF0EE6A1AB0EE1C
:108610004B0AF0EE6B0A01F0B5F8B0EE409AF0EEBE
:10862000609A51EC190BF8F729F84349886100BFAB
:108630003F4800680078012876D13D49096891F9E2
:108640000A000121F9F736F906463949096891F916
:108650000A000021F9F72EF907463548006800693D
:1086600033490968B1F93A1001EB410150F8312062
:1086700031463846F8F740FB044600EBD4702C49ED
:108680000968B1F9325005EBD5714910A1EB6000D2
:10869000401E00EE100AB8EEC00A274880ED040A1A
:1086A00023480068B0F934002149096891F90A109B
:1086B000401A401E00EE100AB8EEC00A1E4880EDB7
:1086C000050A1B48006890F90A00801C00EE100A99
:1086D000B8EEC00A184880ED070A1549096891F9F3
:1086E0000A000121F9F7E6F804461149096891F9F1
:1086F0000A000021F9F7DEF805460D480068006918
:108700000B490968B1F93A1001EB410150F83120E9
:1087100021462846F8F7F0FA801C00EE100AB8EE61
:10872000C00A054880ED060ABDEC088BBDE8F08163
:1087300090100020F4120020A41100200412002048
:108740000E48006890ED070A0D4880ED040A0B48BA
:10875000006890ED080A0A4880ED050A074800689D
:1087600090ED090A064880ED060A0448006890ED7D
:108770000A0A034880ED070A7047000090100020A5
:108780000412002000B5384A12689169364A12680E
:10879000D069F9F7B1F80346581C002862D0012BC4
:1087A00032D131480068C069B0F9000000EE100A0B
:1087B000B8EEC00A2C480068D0ED090A30EE600A15
:1087C00029480068D0ED0A0A2748006890ED091A88
:1087D00030EEC11AC0EE010A244890ED021A224878
:1087E0000068B0F92E00400000EE100AB8EEC00A92
:1087F00031EE400AB1EE001A30EE410A20EE800A56
:108800001B4880ED010A2DE017480068806990ED53
:10881000000A15480068D0ED090A30EE600A1248D7
:108820000068D0ED0A0A1048006890ED091A30EE91
:10883000C11AC0EE010A0D4890ED021A0A480068FC
:10884000B0F92E00400000EE100AB8EEC00A31EE7A
:10885000400AB1EE001A30EE410A20EE800A0448C8
:1088600080ED010A00BD0000941000206412002079
:10887000DC12002000B5204800680078E8B91E49E5
:1088800009680869F9F70AF800EE100AF8EEC00A5C
:108890001948006890ED0A1A17480068B0F93A00C4
:1088A000401C00EE100AB8EEC00A21EE000A80EE6D
:1088B000201A124880ED011A1CE00F480068007869
:1088C000012817D10C4909680869F8F7E7FF0A4938
:1088D0000968B1F93210084A1268B2F93A20521CFC
:1088E000514391FBF0F000EE100AB8EEC00A0348C5
:1088F00080ED010A00BD000090100020C41200208D
:1089000000B52DED048B85B04E4890ED000AD0EDFA
:10891000020A30EE600A10EE101A0846F7F76BFEF6
:1089200041EC190BB0EE490AF0EE690A00F020FFA5
:10893000B0EE408AF0EE608A9FED430B53EC102BB3
:1089400051EC180BF7F76AFE08D29FED410A414837
:1089500080ED020A9FED3E0A80ED030A9FED3E0A7C
:108960003E4880ED020A9FED3A0A80ED030A9FED32
:108970003C0A3C4880ED020A9FED350A80ED030A6F
:108980003448F8F795FB384880210023CDE90131C0
:10899000304A0093CDE9031092ED010ABDEEC00A02
:1089A00010EE102A11B22B4A92ED000ABDEEC00A59
:1089B00010EE102A10B240232022FDF7F9F92748C3
:1089C000F8F776FB294880210023CDE90131234ABD
:1089D0000093CDE9031092ED010ABDEEC00A10EE3E
:1089E000102A11B21D4A92ED000ABDEEC00A10EE27
:1089F000102A10B240231A22FDF7DAF91948F8F7C5
:108A000057FB1B4880210023CDE90131154A009313
:108A1000CDE9031092ED010ABDEEC00A10EE102A56
:108A200011B2104A92ED000ABDEEC00A10EE102AF3
:108A300010B240231022FDF7BBF905B0BDEC048B4A
:108A400000BD0000F41200200000000000001040F3
:108A50000000000014110020000001434411002018
:108A60000000004374110020D80301080803010826
:108A70008802010810B50248FDF7CCFA10BD0000CD
:108A8000B000002010B50248FDF7C4FA10BD000088
:108A9000E800002010B50248FDF7BCFA10BD000048
:108AA0007800002010B5F9F7A9FA10BD00B593B011
:108AB000302107A8F7F7CEFB142102A8F7F7CAFB6D
:108AC00000BF002001902548006840F080502349F5
:108AD00008600846006800F08050019000BF00BFA9
:108AE00000BF002001901E48006840F480401C49EF
:108AF00008600846006800F48040019000BF00BF95
:108B00000220079001200A9010200B9002200D9067
:108B100000210E9108210F91A8211091022111919D
:108B20000721129107A8F9F77FFC08B1F8F7F4FDC7
:108B30000F20029002200390002004904FF4A050D8
:108B400005904FF480500690052102A8F9F72CFB00
:108B500008B1F8F7E1FD13B000BD00004038024055
:108B6000007000400348006840F47000014908604C
:108B70007047000088ED00E010B50248FAF70BFCE2
:108B800010BD00008019002010B50268294B9842E2
:108B90000ED0B0F1804F0BD0274B984208D0274B16
:108BA000984205D0264B984202D0264B984203D1DA
:108BB00022F070024B681A431E4B984220D0B0F14D
:108BC000804F1DD01C4B98421AD01C4B984217D096
:108BD0001B4B984214D01B4B984211D01A4B984211
:108BE0000ED01A4B98420BD0194B984208D0194B13
:108BF000984205D0184B984202D0184B984203D1A6
:108C000022F44072CB681A4322F080034C6943EA95
:108C1000040202608B68C3620B688362054B984252
:108C200002D0084B984201D10B69036301234361D1
:108C300010BD00000000014000040040000800409A
:108C4000000C00400004014000400140004401408D
:108C50000048014000180040001C00400020004077
:108C600070B50146049C0D48007828B1C1E9002385
:108C700000200A4D287070BD00200872D1E900055F
:108C8000161A63EB05000025A61B854103D2C1E936
:108C9000002301200872087AEDE70000CC100020C4
:108CA00070B50546AC6B0020E085E0842046FAF7FD
:108CB00053FC70BD00BF00BF02680C3252E8002FA9
:108CC00022F4907102680C3242E80013002BF3D1B9
:108CD00000BF00BF00BF0268143252E8002F22F02C
:108CE00001010268143242E80013002BF3D100BFE7
:108CF000016B01290ED100BF00BF02680C3252E89F
:108D0000002F22F0100102680C3242E80013002B01
:108D1000F3D100BF202180F83E100021016370478D
:108D200010B504462068C06820F040002168C86083
:108D3000202084F83D002046FAF751FE002010BDA7
:108D4000F8B5044694F83E00222873D1A068B0F527
:108D5000805F0CD1206950B90025A66A2068406860
:108D6000C0F308003080A06A801CA06215E0A56AEC
:108D70000026A068B0F5805F03D0A06828B92069FC
:108D800018B920684068287004E02068406800F046
:108D90007F002870A06A401CA062E08D401E80B257
:108DA000E085002844D12068C06820F020002168B8
:108DB000C8602068C06820F480702168C86020689E
:108DC000406920F0010021684861202084F83E00BD
:108DD000206B012826D10020206300BF00BF21683E
:108DE0000C3151E8001F21F0100021680C3141E8DE
:108DF0000002002AF3D100BF2068006800F01000D4
:108E000010280AD100BF0020009020680068009060
:108E100020684068009000BF00BFA18D2046FAF78F
:108E20009AFB02E02046FAF7D9FD0020F8BD01E0E8
:108E30000020FBE70220F9E72DE9F84F04462068FF
:108E4000006920F44050E168084321680861216905
:108E5000A068084361690843E169084300902068FD
:108E6000C06849F20C618843009908432168C860D2
:108E70002068406920F44070A16908432168486176
:108E800076492068884203D075492068884203D11A
:108E9000F9F762FA814602E0F9F74EFA8146E06995
:108EA000B0F5004F6CD102206168A0FB0150034671
:108EB0001920A9FB007001462A463846F7F780F9C9
:108EC0006421B0FBF1F04FEA001A02206168A0FBB8
:108ED00001510B461920A9FB00712A463846F7F7C5
:108EE0006FF9834602206168A0FB015003461920F8
:108EF000A9FB00712A463846F7F762F96421B0FBF6
:108F0000F1F000EBC00101EB0010ABEB800032216F
:108F100001EBC0006421B0FBF1F000F0F8000AEBB7
:108F2000400A02206168A0FB015003461920A9FBFA
:108F3000007001462A463846F7F742F98346022078
:108F40006168A0FB015003461920A9FB00712A4665
:108F50003846F7F735F96421B0FBF1F000EBC001BA
:108F600001EB0010ABEB8000322101EBC00064216B
:108F7000B0FBF1F000F007005044216888606AE01F
:108F800004206168A0FB015003461920A9FB007072
:108F900001462A463846F7F713F9824604206168ED
:108FA000A0FB015003461920A9FB007001462A4688
:108FB0003846F7F705F96421B0FBF1F000EBC0018A
:108FC00001EB0010AAEB8000322101EB00106421BC
:108FD000B0FBF1F000F0F00A04206168A0FB017022
:108FE00003461920A9FB00513A462846F7F7E8F84E
:108FF0006421B0FBF1F00AEB001A04206168A0FBC9
:1090000001510B461920A9FB00712A463846F7F793
:10901000D7F8834604206168A0FB0150034619205D
:10902000A9FB007001462A463846F7F7C9F86421C3
:10903000B0FBF1F000EBC00101EB0010ABEB8000E6
:10904000322101EB00106421B0FBF1F000F00F00C1
:10905000504421688860BDE8F88F0000001001408E
:1090600000140140014691F83D00212828D188686C
:10907000B0F5805F0BD1086948B90A6A1088C0F35F
:1090800008000B685860086A801C086205E00B6ADB
:10909000581C086218780B685860C88C401E80B253
:1090A000C88458B90868C06820F080000B68D86090
:1090B0000868C06840F040000B68D8600020704726
:1090C0000220FCE710B50248FAF748FA10BD00008C
:1090D000C819002000BFFEE77CB5044600201D46ED
:1090E000164600290BD0491ECDE90041044B6A46C3
:1090F0002946304600F0F2FC009A002111707CBD38
:109100000BA2000837B514460846064B6A462146AE
:1091100000F0E4FC04466946002001F081F8204696
:109120003EBD000021A2000803B401984100009850
:1091300050EAC12018BF04204A0D18BF40F00100BA
:1091400040F2FF72B2EB515F08BF40F0020001280D
:1091500008BF052002B0704702480068C0F3022033
:10916000704700000CED00E010B5002804DB0A0792
:10917000130E054A135406E00A07140E034A00F0C2
:109180000F031B1FD45410BD00E400E018ED00E0F5
:1091900070B59B482DED020B2DED068B079D25F03C
:1091A0000044A04218DC9748844202DC0AD10698A9
:1091B00040B19DED060BBDEC068B02B0BDE87040E2
:1091C00000F096BB002DCCBF9FED8F0B9FED900B59
:1091D000BDEC068B02B070BD8F48A04215DD8F48F4
:1091E000A042D8BF4FF0FF3458DD9DED060B51EC87
:1091F000100BFFF799FF042808BF00F08DFB9DEDD1
:10920000060BBDEC068B02B070BD9DED060B51EC5C
:10921000100B01F012F8CDE9060181489FED828B19
:10922000A0423CDD8248A0421FDD00249FED82ABBE
:109230009DED060B53EC1A2B51EC100BF7F723F8AE
:109240009DED060B41EC190B53EC1A2B51EC100B56
:10925000F7F7C0F853EC182BF7F7B6F853EC192BC7
:10926000F7F72AF9CDE9060149E09DED060B012447
:1092700053EC182B51EC100BF7F705F89DED060B8E
:1092800041EC190B53EC182B51EC100BF7F79CF831
:1092900053EC192BF7F710F9CDE906012FE06848D8
:1092A000A0421FDD02249FED689B9DED060B53EC51
:1092B000192B51EC100BF7F78DF853EC182BF6F730
:1092C000E2FF9DED060B41EC180B53EC192B51EC12
:1092D000100BF7F779F853EC182BF7F7EDF8CDE909
:1092E00006010CE09DED060B032453EC102B9FEDC3
:1092F000580B51EC100BF7F7DFF8CDE906019DEDA7
:10930000060B53EC102B51EC100BF7F763F841EC04
:10931000180B53EC182BF7F75DF841EC190B4E487E
:109320000621B0EE490AF0EE690A784400F064FACA
:1093300053EC182B51EC100BF7F74CF841EC180BD1
:109340004648B0EE490AF0EE690A0521784400F07B
:1093500053FA53EC192B51EC100BF7F73BF841EC97
:10936000100B51EC180B53EC102B002C0EDAF6F707
:109370008AFF9DED061B53EC112BF7F72BF89DEDA3
:10938000061B53EC112BF7F722F835E0F6F77BFFBD
:109390009DED061B53EC112BF7F71CF841EC100B5D
:1093A0002F48784400EBC40090ED001B51EC100BEB
:1093B00053EC112BF7F708F89DED061B53EC112B1E
:1093C000F7F702F841EC100B2648784400EBC40094
:1093D00090ED001B51EC100B53EC112BF6F7F7FF3F
:1093E00041EC100B002DA2BFBDEC068B02B070BD8E
:1093F00051EC100B81F0004141EC100B01E7000033
:10940000000010440000F07F182D4454FB21F93F68
:10941000182D4454FB21F9BF0000DC3F0000203E22
:109420000000F33F00000000000000000000F03FDB
:109430000000E63F000000000000000000000040C7
:109440000080034000000000000000000000F83F22
:10945000000000000000F0BF4A720000007200002F
:109460008A7100004271000070B56B4E2DED040B47
:109470002DED028B82B0DDF81CC0DDE905235C42D6
:109480002CF000411C4341EAD474049D22F00040BA
:10949000B44205D86C422C4340EAD474B4420BD990
:1094A0009DED061B9DED040B02B0BDEC028B04B0DC
:1094B000BDE8704000F026BAACF14054A4F17F64DE
:1094C0001C430BD0022404EAAC7444EAD274054372
:1094D0009FED538B9FED542B07D015E09DED040BB2
:1094E00051EC100B00F0A1FE42E0002C11BF012C4A
:1094F0009DED040B02B0BDEC028B04BF04B070BD47
:10950000022C38D0032C3BD00B439FED491B9FED21
:109510004A0B0AD0B14218D1B04209D121F08041A2
:1095200020F08040079105900FE0002A15DA10E046
:10953000434B7B44002C08BF93ED000B0DD0012C56
:1095400010D0022C17D0032C1AD0B0421DD1002A03
:1095500003DAB0EE410AF0EE610A02B0BDEC028B14
:1095600004B070BD93ED000B51EC100B81F0004185
:1095700041EC100BF1E7B0EE480AF0EE680AECE7B8
:10958000B0EE420AF0EE620AE7E7401A00153C2806
:10959000C8BF8DED000B19DCBCF1000FBEBF10F190
:1095A0003C0F9FED290B8DED000B0FDB9DED060BA6
:1095B00053EC102B9DED040B51EC100BF6F77CFFD8
:1095C00000F03BFE00F031FECDE90001002C08BFA9
:1095D0009DED000BC1D0012C10D0022C9FED1C0B77
:1095E00053EC102B9DED000B51EC100B0DD0F6F74A
:1095F000EBFE53EC182BF6F7E7FEB9E7019880F085
:10960000004001909DED000BA7E7F6F7DDFE53EC5F
:10961000182BF6F7DCFEABE70000F07F000000003F
:10962000182D4454FB210940182D4454FB2109C036
:10963000182D4454FB21F9BF182D4454FB21F93F48
:109640007270000000000000000000000000000038
:10965000075C143326A6A13C2DE9F0412DED020B49
:109660009FED3D0B2DED028B9FED3D8BDDE902540F
:10967000C4F30A50A0F2FF36142E37DA002E18DA9F
:1096800053EC102B9DED020B51EC100BF6F7FBFD8C
:1096900053EC182BF6F7DAFF57D2002CBCBF4FF073
:1096A0000044002551DB54EA050018BF2E4C1BD1A5
:1096B0004BE02E4820FA06F704EA070028431FD0A3
:1096C00053EC102B9DED020B51EC100BF6F7DBFD6C
:1096D00053EC182BF6F7BAFF37D2002C03DD4FF40A
:1096E0008010F0400444BC4300252EE0332E07DCFC
:1096F000A6F114004FF0FF3121FA00F73D4206D1E8
:109700009DED020BBDEC028B02B0BDE8F08153EC85
:10971000102B9DED020B51EC100BF6F758FE53EC9D
:10972000182BF6F793FF10D2002C0DDD142E08BF76
:10973000641C09D0C6F13400012101FA00F028446C
:10974000A84238BF641C0546BD43CDE902549DEDD7
:10975000020BD7E7000000009C7500883CE4377ED0
:1097600000000000000000000000F03FFFFF0F00BD
:109770002DED020B019820F0004001909DED000BB3
:1097800002B0704700B52DED048BB0EE418AF0EECB
:10979000618AB0EE409AF0EE609A83B053EC182BD9
:1097A00051EC190BF7F779F800F07040B0F1004F69
:1097B0001AD018EE101A18EE900A8DED008B0029C1
:1097C00018BF0121084320F00040C0F17F6000F184
:1097D000E040C00F01BFB0EE480AF0EE680A03B0E7
:1097E000BDEC048B08BF00BDB0EE490A03B0F0EE3B
:1097F000690ABDEC048B00BD70B504462DED028BEB
:109800004D1E00EBC500B0EE408AF0EE608A90ED90
:10981000000B35F0060017D053EC182B51EC100B51
:10982000F6F7D8FD41EC100B6D1E04EBC50090ED72
:10983000001B51EC100B53EC112BF6F724FD41ECFF
:10984000100B35F00600E7D1022D36D0042D1CD0C8
:10985000062D1CBFBDEC028B70BD53EC182B51ECD8
:10986000100BF6F7B7FD94ED0A1B53EC112BF6F72E
:109870000AFD53EC182BF6F7ADFD94ED081B53ECE5
:10988000112BF6F700FD41EC100B53EC182B51ECAB
:10989000100BF6F79FFD94ED061B53EC112BF6F71A
:1098A000F2FC53EC182BF6F795FD94ED040B53ECFA
:1098B000102BF6F7E8FC41EC100B53EC182B51EC95
:1098C000100BF6F787FD94ED021B53EC112BF6F706
:1098D000DAFC53EC182BF6F77DFD94ED001B53ECEE
:1098E000112BF6F7D0FCBDEC028B41EC100B70BDD8
:1098F00010B553EC102B51EC100BF6F7C4FC41ECF7
:10990000100B10BD10B553EC112B51EC100BF6F7EA
:10991000BAFC41EC100B10BD9FED050B10B553ECDC
:10992000102B51EC100BF6F755FD41EC100B10BD50
:10993000000000000000001002E008C8121F08C16B
:10994000002AFAD170477047002001E001C1121FC0
:10995000002AFBD1704700002DE9FF5F82B0002193
:10996000DDE90430020DDDF840B0034318D044F6C1
:109970001050A2F2FF3242431514119801281FD053
:10998000A5EB0B00401C5FEA000A4FF000064E4FAB
:10999000DFF83891B046504615D5CAF1000413E0FF
:1099A000119801244AA3012801D16FEA0B01029802
:1099B000119AC0E90031C0E9024206B0BDE8F09F4B
:1099C000CBF10000DFE704460021404A491842EB92
:1099D0000450CDE9001012E0E00707D032463B46C4
:1099E00040464946F6F7F6FC8046894632463B46F5
:1099F00010461946F6F7EEFC06460F466410002C9A
:109A0000EAD1DDE90401DDE90023BAF1000F06DA4D
:109A1000F6F7E0FC42464B46F6F7DCFC05E0F6F7CD
:109A20004BFD42464B46F6F747FD04460E460022E4
:109A3000284BF6F70BFE03D84FF0FF30014607E046
:109A40000022254B20463146F6F71DFCF6F70DFFA8
:109A5000102409E0002C0ADB0A220023F6F7B0FBF1
:109A6000039B30321A55641E50EA0102F2D1641C85
:109A7000039AC4F111031444119A012A03D001225C
:109A800008430DD10AE0084304D000204FF0110B29
:109A9000119072E7A3EB0B056D1E0DE05B4504DD35
:109AA0004FF0000205F1010504E003DA4FF0000277
:109AB000A5F10105002AECD002981199C0E9023104
:109AC000C0E9004579E70000000014400000F03FC5
:109AD000300000000000F0430000E03F2DE9FF4FA0
:109AE00095B09B468946064600250FE2252877D18A
:109AF00000242746F84A0121059400E0044316F8A3
:109B0000013F203B01FA03F01042F7D130782A28B8
:109B100011D06FF02F033078A0F13002092A16D847
:109B2000059A44F0020402EB820203EB4202104465
:109B3000761C0590EFE759F8042B0592002A03DA0A
:109B4000504244F40054059044F00204761C3078EE
:109B50002E2816D116F8010F44F004042A280DD03F
:109B60006FF02F023078A0F13003092B09D807EBF2
:109B7000870302EB4303C718761CF3E759F8047B0D
:109B8000761C30786C280FD006DC4C2817D068285B
:109B90000DD06A2814D104E0742810D07A280FD18F
:109BA0000DE044F400140AE044F4801401E044F4AD
:109BB00040147278824202D104F58014761C761C1F
:109BC000307866280BD013DC582877D009DC0028C1
:109BD00075D04528F6D04628F4D047281AD19DE103
:109BE00018E0632835D0642879D0652812D195E132
:109BF000702873D008DC6728F1D069286FD06E28F0
:109C00000DD06F2806D1B5E073282CD0752875D0FB
:109C1000782874D05A46179990476D1C75E1C4F3A3
:109C20000250022809D003280DD0D9F800100428CA
:109C30000DD00D6009F1040967E1D9F80010EA17A9
:109C4000C1E90052F6E7D9F800100D80F2E70D7077
:109C5000F0E719F8041B8DF8001000208DF80100C2
:109C6000EA46012003E059F804AB4FF0FF306107EA
:109C70004FF0000102D40DE008F101018846B9421D
:109C80000FDA8045F8DB1AF808100029F4D108E053
:109C900008F1010188468142FADB1AF80810002910
:109CA000F6D105985B46A0EB080721463846179A7F
:109CB00000F094FA284400EB080507E04DE029E1A4
:109CC0000DE01AF8010B5A4617999047B8F10108B0
:109CD000F7D25B4621463846179A13E142E00A2242
:109CE0000092C4F302524FF0000A022A08D059F839
:109CF00004CB032A4FEAEC710AD00DE029E02AE0F8
:109D000009F1070121F00702F2E802C1914609E0DA
:109D10000FFA8CFC4FEAEC71042A03D14FFA8CFC49
:109D20004FEAEC71002907DA0A460021DCF1000C49
:109D300061EB02012D2202E0220504D52B228DF8D1
:109D40000420012203E0E20701D02022F7E7904639
:109D500059E00A2102E010220DE010214FF0000A24
:109D600000910BE010224FF0000A44F00404082791
:109D7000009203E008224FF0000A0092C4F302525E
:109D8000022A05D059F804CB0021032A08D009E0A3
:109D900009F1070121F00702F2E802C1914605E04E
:109DA0001FFA8CFC042A01D10CF0FF0C4FF00008C4
:109DB000220728D5702806D0009B83F0100353EAB1
:109DC0000A0305D00EE040228DF80420012208E0AD
:109DD0005CEA010206D030228DF804208DF80500DF
:109DE00002229046009B83F0080353EA0A030AD13B
:109DF0005CEA010201D1620705D530228DF804200A
:109E00004FF001087F1E582804D034A003900EA8FC
:109E100002900DE036A0F9E753466046009AF6F747
:109E2000CFF984460398825C0298401E029002702B
:109E30005CEA0100F0D1029806A9081A00F1200A94
:109E4000600702D524F4803400E00127574502DD85
:109E5000A7EB0A0000E0002000EB0A010090059843
:109E60004144401A0590E00306D45B462146179A08
:109E7000059800F0B3F90544002706E001A85A460A
:109E8000C05D179990476D1C7F1C4745F6DBE003CA
:109E90000CD55B462146179A059800F09FF90544BA
:109EA00004E030205A46179990476D1C0099481ECF
:109EB00000900029F5DC08E0029802995A460078E3
:109EC000491C0291179990476D1CBAF10001AAF143
:109ED000010AF1DC65E1000009280100303132336C
:109EE00034353637383961626364656600000000D6
:109EF00030313233343536373839414243444546C0
:109F00000000000000F058F90544761C3078002865
:109F10007FF4ECAD19B02846BDE8F08F620700D49D
:109F2000062709F1070222F0070CFCE80223E146AC
:109F300003F000485FEA080C02D00FF2702C0DE02D
:109F40005FEA045C02D50FF2682C07E05FEAC47C8C
:109F500002D00FF2602C01E0AFF2700C4FF0FF382E
:109F600023F00043CDF850C065280CD006DC45280E
:109F700009D046281DD047283DD13DE0662818D09D
:109F800067287ED138E00021112F01DB112000E08D
:109F9000781CCDE9000106A90EA8FFF7DDFCDDE97C
:109FA0000F010E9A03910021009207F1010A04911A
:109FB0004DE04FF000400097CDE9011006A90EA832
:109FC000FFF7CAFCDDE90F0203920E9B11990022F4
:109FD000DDF80CA00093049211B9791C00EB010A82
:109FE000B7EB0A0004D4C0F1FF3007F1010A049076
:109FF000AAEB0700019044E0012F00DA01270021BD
:10A00000112F01DD112000E03846CDE9000106A93D
:10A010000EA8FFF7A1FCDDE90F010E9A03910021C4
:10A0200004910092BA4621070CD40399514500DAF5
:10A030008A46BAF1010F05DD009AAAF10101515CCF
:10A04000302908D0B84202DA10F1040F06DA0121F3
:10A05000CDE9011015E0AAF10101E9E7002805DCCE
:10A06000049901440491AAEB000102E0411C51450E
:10A0700000DD8A460499401A401C01904FF00040D0
:10A080000290200704D40198504501DBCDF80480EC
:10A0900000208DF84F0002980DF14F07B0F1004FEE
:10A0A00025D02B200E9002984FF0020800280CDAE1
:10A0B000404202902D200E9007E00A210298F6F708
:10A0C000F9FA3031029007F8011DB8F10001A8F14A
:10A0D0000108F2DC02980028EFD1791E0E98087072
:10A0E000307800F0200040F0450007F8020D12A87B
:10A0F000C01B00F107081498007800B1012000EBA4
:10A100000A01019801EBE07105984144401A401E94
:10A110000590E00306D45B462146179A059800F0A7
:10A120005DF805441498007818B15A46179990477D
:10A130006D1CE00324D55B462146179A059800F074
:10A140004DF805441CE00498002807DBDDE9030115
:10A15000884203DD0098405C179901E01799302090
:10A160005A469047049805F10105401C0490019857
:10A17000401E019004D12E205A46179990476D1C1D
:10A18000BAF10001AAF1010ADDDC05E017F8010BC4
:10A190005A46179990476D1CB8F10001A8F10108C3
:10A1A000F4DC5B462146179A0598ABE62D000000CB
:10A1B0002B000000200000002DE9F041044600259E
:10A1C0001E461746880404D405E039462020B047CF
:10A1D0006D1C641EF9D52846BDE8F0812DE9F041DB
:10A1E000044600251E469046C80301D5302700E0EE
:10A1F0002027880404D505E041463846B0476D1C49
:10A20000641EF9D52846BDE8F0814A68002A06D0C8
:10A210000A68531C0B6010704868401E4860704705
:10A220000A68531C0B601070704710B541EC100B9E
:10A23000FEF7AEFF51EC100B10BD82B0CDE900016E
:10A2400021F0004001909DED000B02B051EC100B8D
:10A250007047F7F7DFFEFEF729FCF9F711FDF9F774
:10A26000BDFCF9F7C7FDF9F7E7FDF9F7AFFDF9F721
:10A27000F9FCF9F7FFFD00F005F800F00DF800BF5C
:10A28000FEE7000010B5F6F71BFD0248FBF78EFF56
:10A2900010BD0000D80C002008B531E0F7F7A8FE8B
:10A2A000002304460820224600901648FEF7D8FCFA
:10A2B000C8B11548F9F7D0FB144908711448F9F7EB
:10A2C000CBFB124948711348F9F7C6FB0F49887157
:10A2D0000879F9F787FB0D494879F9F799FB0B499C
:10A2E0008879F9F7A7FBF7F783FE002304461420CB
:10A2F000224600900848FEF7B3FC08B1FCF74AF983
:10A30000CCE70000401700206C17002060170020E9
:10A3100094170020BC1700205017002000000000F8
:10A320000100000001000001010001010101010123
:10A33000000000000000000000000000000000001D
:10A34000000000000000000000000000000000000D
:10A350000000F80000000000000000009F00000066
:10A360000000000000000100000000000020180EA6
:10A3700026180E060000000000000000000000008B
:10A380000000000000000000000000C0C0F8C0C0D5
:10A39000C0F8C0000030FF303030FF303000000027
:10A3A000010000000100000000E01008FC08087037
:10A3B000000000E00102FF028478000000000101BB
:10A3C000070100000000F00808F000E0180000009D
:10A3D0000304C43B07FC0202FC0000000100000073
:10A3E000010100000000F00808F00000000078847F
:10A3F000030E31C0E21E02800000010101000001D5
:10A40000010000261E000000000000000000000007
:10A41000000000000000000000000000000000003C
:10A4200000000000806018040200000000001FE02F
:10A430000000000000000000000001020400000213
:10A44000041860800000000000000080601F000011
:10A4500000000004020100000000000080800000F5
:10A46000E00000808000191909067F06091919000B
:10A47000000000000000000000000000000000E0FC
:10A480000000000000020202023F0202020200007D
:10A4900000000000000000000000000000000000BC
:10A4A000000000C0C0000000000000000004030025
:10A4B000000000000000000000000000000000009C
:10A4C000000202020202020202000000000000007C
:10A4D00000000000000000000000000000000080FC
:10A4E00080000000000000000001010000000000EA
:10A4F0000000000000000080601806000000C0306E
:10A500000E01000000000003000000000000000039
:10A5100000C0300808080830C000003FC00000003C
:10A5200000C03F0000000001010101000000000028
:10A53000001010F8000000000000000000FF000004
:10A5400000000000000101010101000000E010080E
:10A5500008080810E0000080402010080402C10034
:10A560000001010101010101010000700808080853
:10A5700010E0000000E00000020203847800000008
:10A58000010101010100000000000000C030F800DE
:10A590000000001816111010FF101000000000003D
:10A5A0000101010101000000F8080808080808007E
:10A5B00000E00302010101827C00000001010101B1
:10A5C0000100000000C02010080808300000003F13
:10A5D000C201010101827C000000000101010100B3
:10A5E0000000003808080808C8281800000000000B
:10A5F000F80601000000000000000100000000005B
:10A6000000E0100808080810E00000788502020247
:10A61000028578000000000101010100000000E057
:10A62000100808080830C0000003C4080808846245
:10A630001F000000000101010000000000000000F8
:10A640008080000000000000000081810000000008
:10A6500000000000010100000000000000000000F8
:10A6600000000000000000008383000000000000E4
:10A6700000000503000000000000008040201008DA
:10A6800000000006091020408000000000000000CB
:10A6900000000001000000808080808080808000B9
:10A6A000000808080808080808000000000000006A
:10A6B00000000000000008102040800000000000A2
:10A6C000008040201009060000000100000000008A
:10A6D000000000C0201010101020C0000001010078
:10A6E000B884040201000000000001010000000025
:10A6F000806010884848C810E0003F409E21203EFE
:10A7000021904F0000000001010101000000000045
:10A7100000C030C00000000000C03C1310133CC05B
:10A7200000000101010000000101010010F0101003
:10A730001010E000000000FF020202038478000015
:10A740000101010101010000000000C020101010F3
:10A750001020F0003FC0800000000080600000007A
:10A76000000101010100000010F010101010204045
:10A77000800000FF0000000080403F000101010157
:10A7800001010000000010F0101010109030400087
:10A7900000FF020202020F804000010101010101DD
:10A7A0000101000010F0101010109030400000FF68
:10A7B000020202020F00000001010100000000007F
:10A7C00000000080402010101020F000003FC080EA
:10A7D00000000008F808000000000101010100006D
:10A7E00010F01000000010F0100000FF040404043A
:10A7F00004FF000001010100000001010100001040
:10A800001010F0101010000000000000FF00000009
:10A810000000000101010101010100000000101011
:10A8200010F0101010000000000000FF00000000F9
:10A830000608080804030000000010F0100000D013
:10A840003010100000FF04020718608000000101B2
:10A85000010000000101010010F0100000000000E4
:10A86000000000FF00000000008040000101010125
:10A8700001010101000010F0F0000000F0F01000F4
:10A8800000FF001FE01F00FF0000010101000100A8
:10A890000101010010F030C0000010F0100000FFB6
:10A8A00000010618E0FF00000101010000000001A6
:10A8B0000000806020101010206080003FC08000E9
:10A8C000000080C03F000000000101010000000006
:10A8D00010F0101010101020C00000FF0404040439
:10A8E000040201000101010000000000000080607E
:10A8F00020101010206080003FC0A020204080C0A9
:10A900003F000000000101010304020010F01010DC
:10A91000101020C0000000FF0202061A6180000033
:10A920000101010000000001010000C02010101012
:10A930002070000000E18202040488700000000121
:10A94000000101010000000060101010F010101054
:10A95000600000000000FF00000000000000000197
:10A9600001010000000010F01000000010F01000C5
:10A97000007F80000000807F0000000000010101D6
:10A9800000000000107090000000907010000000A7
:10A990000738C03807000000000000000100000078
:10A9A000000010F00010F01000F01000001FE01E7A
:10A9B000011EE01F00000000010000000100000077
:10A9C000001030D00000D03010000000C0310E1B4D
:10A9D0006080000000010101000001010100107011
:10A9E000900000009070100000000106F8060100C1
:10A9F00000000000000101010000000000403010D4
:10AA00001010907010000000C0300C020180400057
:10AA10000001010101010101000000000000FE022F
:10AA20000202020000000000FF0000000000000021
:10AA3000000003020202020000001C60800000000F
:10AA4000000000000000030C708000000000000007
:10AA50000000000304000002020202FE00000000E9
:10AA60000000000000FF00000000000202020203DC
:10AA700000000000000004020202040000000000C8
:10AA800000000000000000000000000000000000C6
:10AA900000000000000000000000000000000000B6
:10AAA0000000000000000808080808080808080856
:10AAB000000000020204000000000000000000008E
:10AAC0000000000000000000000000000000000086
:10AAD000000000000000000000E61111110989FECD
:10AAE0000080000001010101000101010010F000DF
:10AAF0000000000000000000FF82010101827C00D4
:10AB00000000010001010100000000000000000041
:10AB100000000000007C820101010186400000006D
:10AB2000000101010100000000000000000010F021
:10AB30000000007C8201010182FF00000000000192
:10AB40000101000101000000000000000000000001
:10AB5000007C9211111111925C00000000010101B2
:10AB60000100000000000000E010101020000000B4
:10AB70000101FF01010100000000010101010101CB
:10AB80000000000000000000000000000000DEA146
:10AB9000A1A1A19F010000070808080808080700F4
:10ABA0000010F0000000000000000000FF020101A2
:10ABB00001FE000000010101000001010100000090
:10ABC000003030000000000000000101FF00000024
:10ABD0000000000001010101010000000000000070
:10ABE00000003030000000000000000101FF000004
:10ABF00000000C080808040300000010F00000002A
:10AC0000000000000000FF10083543810000000133
:10AC1000010100000101010000101010F800000007
:10AC2000000000000000FF00000000000001010122
:10AC30000101010100000000000000000000000010
:10AC400001FF0201FF0101FE0000010101000101FD
:10AC500000010100000000000000000000000001F1
:10AC6000FF02010101FE00000001010100000101DD
:10AC7000010000000000000000000000007C8201D4
:10AC8000010101827C0000000001010101000000BF
:10AC9000000000000000000000000001FF82010130
:10ACA00001827C0000080F08010101000000000083
:10ACB0000000000000000000007C8201010182FF12
:10ACC0000000000000010101080F08000000000062
:10ACD000000000000000000101FF04020101030068
:10ACE000000101010101000000000000000000005F
:10ACF0000000000000CE8911111122E700000001C0
:10AD0000000101010100000000000000E00000005F
:10AD1000000000000101FF010101800000000000AF
:10AD20000001010100000000000000000000000020
:10AD30000001FF00000081FF000000000001010190
:10AD400000010100000000000000000000000107F9
:10AD50001960806019070100000000000100000078
:10AD6000000000000000000000000000017F807172
:10AD70000F71807F01000000010000000100000051
:10AD8000000000000000000000000001834538388A
:10AD900045830100000101010000010101000000E4
:10ADA00000000000000000000001031D60C03D0322
:10ADB000010000000C080601000000000000000077
:10ADC0000000000000000007C121110D0381600098
:10ADD000000101010101010100000000000000006C
:10ADE000FC020200000000000404FB000000000060
:10ADF00000000000030404000000000000FF000049
:10AE000000000000000000FF000000000000000043
:10AE1000000F00000000000202FC00000000000023
:10AE2000000000FB04040000000000040403000014
:10AE300000000000000601010204080806000000EE
:10AE40000000000000000000000000000000000002
:10AE500000000000000000000000000000000000F2
:10AE60000000000000F800000000000000330000B7
:10AE7000000000100C02100C020000000000000096
:10AE800000000040C07840C0780000043F04043F48
:10AE9000040000708888FC08300000182020FF2182
:10AEA0001E00F008F0806018000000310C031E2125
:10AEB0001E0000F00888700000001E21232C1927B6
:10AEC000211000120E000000000000000000000031
:10AED0000000000000E01804020000000007182035
:10AEE000400000020418E0000000004020180700A5
:10AEF0000000404080F0804040000202010F01024B
:10AF0000020000000000E0000000000101010F014C
:10AF1000010100000000000000000090700000002F
:10AF2000000000000000000000000001010101011C
:10AF300001000000000000000000003030000000B0
:10AF4000000000000000C038040000601807000086
:10AF5000000000E010080810E000000F1020201092
:10AF60000F0000001010F8000000000020203F201B
:10AF70002000007008080808F00000302824222172
:10AF800030000030080808887000001820212122B5
:10AF90001C000000804030F8000000060524243F1B
:10AFA000242400F88888880808000019202020112F
:10AFB0000E0000E0108888900000000F1120202073
:10AFC0001F0000180808886818000000003E0100F3
:10AFD00000000070880808887000001C22212122CF
:10AFE0001C0000F008080810E000000112222211E5
:10AFF0000F00000000C0C000000000000030300062
:10B0000000000000008000000000000000E00000E0
:10B010000000000080402010080000010204081019
:10B020002000004040404040400000020202020276
:10B0300002000008102040800000002010080402D8
:10B0400001000070480808887000000000303700D8
:10B050000000C030C828E810E000071827282F2873
:10B0600017000000C038E0000000203C2302022747
:10B07000382008F8888888700000203F20202011A0
:10B080000E00C030080808083800071820202010DB
:10B09000080008F808080810E000203F20202010D1
:10B0A0000F0008F88888E8081000203F202023209F
:10B0B000180008F88888E8081000203F20000300E6
:10B0C0000000C03008080838000007182020221EA1
:10B0D000020008F808000008F808203F21010121BB
:10B0E0003F20000808F8080800000020203F20202A
:10B0F000000000000808F8080800C08080807F0079
:10B10000000008F888C028180800203F20012638D1
:10B11000200008F8080000000000203F2020202028
:10B12000300008F8F800F8F80800203F013E013F21
:10B13000200008F830C00008F808203F2000071859
:10B140003F00E01008080810E0000F102020201039
:10B150000F0008F808080808F000203F210101014D
:10B160000000E01008080810E0000F1028283050F8
:10B170004F0008F8888888887000203F2000030C62
:10B18000302000708808080838000038202121226B
:10B190001C00180808F8080818000000203F2000CC
:10B1A000000008F808000008F808001F20202020F0
:10B1B0001F000878880000C83808000007380E0112
:10B1C000000008F800F800F8080000033E013E0304
:10B1D0000000081868808068180820302C03032CB1
:10B1E00030200838C800C83808000000203F200080
:10B1F000000010080808C838080020382621202040
:10B200001800000000FE020202000000007F404023
:10B210004000000438C000000000000000010638B3
:10B22000C00000020202FE000000004040407F001B
:10B230000000000004020204000000000000000002
:10B2400000000000000000000000808080808080FE
:10B2500080800002020400000000000000000000E6
:10B260000000000080808000000000192424123FAC
:10B27000200010F0008080000000003F112020110D
:10B280000E000000008080800000000E11202020B1
:10B290001100000080808090F000001F202020100E
:10B2A0003F200000808080800000001F2424242490
:10B2B0001700008080E0909020000020203F202098
:10B2C00000000000808080808000006B9494949344
:10B2D000600010F0008080800000203F21000020EE
:10B2E0003F2000809898000000000020203F202090
:10B2F0000000000000809898000000C08080807FDF
:10B30000000010F0000080808000203F24062930DB
:10B310002000001010F8000000000020203F202036
:10B3200000008080808080808000203F20003F20BF
:10B33000003F8080008080800000203F21000020AE
:10B340003F200000808080800000001F20202020FF
:10B350001F00808000808000000080FF912020116D
:10B360000E000000008080008000000E112020915F
:10B37000FF80808080008080800020203F2120008E
:10B380000100000080808080800000332424242479
:10B390001900008080E0808000000000001F202055
:10B3A00010008080000000808000001F20202010FE
:10B3B0003F20808080008080800000030C300C03E0
:10B3C00000008080008080008080010E300C0738F3
:10B3D000060100808080008080000020310E2E3128
:10B3E00020008080800000808080008186781806A0
:10B3F000010000808080808080000021302C22218C
:10B4000030000000000000FC020200000000013ECD
:10B41000404000000000FF00000000000000FF00AE
:10B4200000000202FC000000000040403E0100005D
:10B4300000000002010202040200000000000000FF
:10B4400000000000000000000000000000000000FC
:10B45000000000FC0000000000000D0000000008DB
:10B46000040A0402000000000000000010D03C109C
:10B47000D03C00010F01010F0100003844FE841888
:10B48000000006081F080700788478B04C80000090
:10B490000C03070807008078C438C040000708097B
:10B4A000060B080400120E0000000000000000005F
:10B4B0000000000000F00C0200000000030C10006F
:10B4C00000020CF000000000100C030000000090CF
:10B4D00060F860900000000001000000808080F0B3
:10B4E00080808000000007000000000000000000D5
:10B4F0000000241C0000000080808080808080008C
:10B5000000000000000000000000000000000C0C23
:10B510000000000000000080601C0200100E01000E
:10B520000000F008040408F0000304080804030005
:10B53000000808FC0000000008080F0808000018B8
:10B540000404C43800000C0A09080C000018044464
:10B5500044B8000006080808070000806010FC00DE
:10B5600000000101090F0900007C242424C400000C
:10B57000060808080700F048242428C0000304082F
:10B5800008080700000C0484740C000000000F0081
:10B59000000038C44444C4380007080808080700FD
:10B5A0007884848448F00000040808040300000044
:10B5B00000606000000000000C0C00000000004073
:10B5C0000000000000001800000000C02010080467
:10B5D000000000010204080020202020202020017B
:10B5E0000101010101010004081020C0000008044D
:10B5F00002010000003008884830000000000D0CF7
:10B600000000F008E414F408F00304090A0B0A052A
:10B610000000E018E00000080E0901090E0808F813
:10B620008888887000080F0808080700E0100808DC
:10B630000838000304080808040008F8080810E0A7
:10B6400000080F080804030008F88888C8180008D4
:10B650000F0808090C0008F88888C80810080F08A7
:10B6600000010000E0100808083800030408080979
:10B67000070108F8888088F808080F0800080F08F4
:10B68000000808F80808000008080F08080000086B
:10B6900008F80808003020201F00000008F888C0C3
:10B6A000281808080F08000B0C0808F8080000000C
:10B6B00000080F0808080C0008F8788078F80808D7
:10B6C0000F000F000F0808F838C008F808080F0826
:10B6D00001060F00E010080810E000030408080449
:10B6E000030008F88888887000080F080000000030
:10B6F000E010080810E00003040A0A1C130008F810
:10B7000048C8483000080F0800030C08003048887B
:10B71000881800000C0808080700180808F808082E
:10B72000180000080F08000008F8080008F80800D2
:10B730000708080807000838C800C83808000003D0
:10B740000C03000008F800F800F80800010F000FD3
:10B75000010008186880681808080C0B00030C0822
:10B76000081868806818080000080F080000100812
:10B770008848380800080E0908080C00000000FE80
:10B780000202000000001F101000000438C000007A
:10B7900000000000010E1000000202FE0000000088
:10B7A00010101F0000000000020101020000000054
:10B7B00000000000000000000000002020202020E9
:10B7C0002020000101020000000000000000000035
:10B7D0000080404040800000040A09090F0804FC72
:10B7E0004040408000000F080808070000804040EB
:10B7F00040C000000708080804000080404044FCE6
:10B800000000070808080F08008040404080000042
:10B810000709090905004040F84444080000080FE2
:10B820000808000000804040C0400000152A2A2976
:10B83000100004FC8040408000080F0800080F083A
:10B84000004040CC0000000008080F08080000007D
:10B850004040CC0000002020201F000004FC0040DD
:10B86000C04000080F0A030C0800000404FC00009C
:10B87000000008080F08080040C040C040800008D1
:10B880000F000F000F0840C08040408000080F08E4
:10B8900000080F08008040404080000007080808AA
:10B8A000070040C04040408000203F2808080700B3
:10B8B0000080404040C00000070808283F2040406A
:10B8C000C08040400008080F080800000080404089
:10B8D00040C000000C09090A0400004040F040404C
:10B8E000000000000F08080040C0000040C0000039
:10B8F000070808040F0840C0400040C04000000393
:10B900000C03000040C000C000C04000030C030C4A
:10B9100003000040C000C0400000080C030C0800F9
:10B9200040C0400040C0402020231C03000000C055
:10B930004040C0400000080C0B080C0000000080D4
:10B940007E0200000000001F1000000000FF000049
:10B95000000000003F00000000027E8000000000A8
:10B96000101F00000000000201020402000000009D
:10B970000000000000000000000000004C4000003B
:10B98000000202020000207C28283E20006C4A743D
:10B9900024000C523C7C5270304C7A6C50400002B7
:10B9A000000000000000007C820000423C0000001B
:10B9B00000183810180000001018100000C0000017
:10B9C00000000808080808080040000000000040C7
:10B9D00030080600007C42427C000000447C0000ED
:10B9E000006462524C000064424A7C000010287CD3
:10B9F0002000006C4C4C7000007C4A4A740000042B
:10BA0000641C0400007C4A527C00005C52523C00E2
:10BA10000000484800000000C8000000001828246A
:10BA200042000018181818000042242818000004CA
:10BA300062520C0018647A566C1840301C1C70005E
:10BA4000007C54545C20186442424224007C4444EC
:10BA50002418007C54544400007C14141C04384402
:10BA600042426400007C10107C0000007C44000016
:10BA7000808080FC0400007C08344000007C404052
:10BA80004000704C70107C00007C08103C00186472
:10BA900042424438007C14140C0438446242C438D6
:10BAA000007C14146C00004C4A52740004047C04A2
:10BAB0000404007C40407C00000C30300C00003C52
:10BAC000143C1C0400442838440000047808040096
:10BAD0000064544C44000000FE82800000060830E0
:10BAE0004000008082FE0000000101010100808012
:10BAF0008080808000010100000000605858704084
:10BB0000007E484870000070484840000070484877
:10BB10007E4000706868500000087C0C0C0000F04B
:10BB2000E8E8D808007E08087000000878400000A7
:10BB3000008080887A00007E1038480000007E4037
:10BB40000000784848704870087808087000007055
:10BB50004848700008F84848700000704848F000F5
:10BB600008487008080000505868680000087C48C1
:10BB7000480008784040784008182020180008380D
:10BB8000283838080048383848000098A06018085D
:10BB90000048685848000000007E8000000000FF58
:10BBA000000000807E000000000101020200B3A43A
:10BBB000000000000000FE000080406030180C040F
:10BBC00000000000000000020202FF020302049ACB
:10BBD0002242C282020202000000000000000702AE
:10BBE00002010100000000010103030000B5C400D0
:10BBF0000000E0E0302E2020E00080703E24202075
:10BC000020E000000000FFFF04040404FF01000224
:10BC10001C000000FE3F00000000070301010101BD
:10BC2000030000000002020603000000C1E3000060
:10BC300000201008AAAA0A0AFC4A0A0AAAAA2A2864
:10BC4000180000000010100828242426293AA444D3
:10BC5000680818101000000000000000000001013A
:10BC60000103020600000000000000D2BB0000003B
:10BC70000000000000000000000000000000008044
:10BC800000000000010101010101010101010101A8
:10BC900001010101000000000000000000000000A0
:10BCA00000000000000000000000B6FE00000000E0
:10BCB00000202020202020202020202030200000D4
:10BCC00000000080808080808080808080808080F4
:10BCD00080808000000000000000000000000000E4
:10BCE000000000000000000000C8FD000000000887
:10BCF0000808080808080808080808080C080000D0
:10BD0000000000000002020202020202020202021D
:10BD10000080000000000101010101010101010199
:10BD20000101010101010100CBC400000000FE027D
:10BD30000202FC1C0202FCFC020202FE00000000E7
:10BD40000000FF603018070000000F1F101010FFE8
:10BD500000000000000007010101010101010101D3
:10BD600001010107000000CEE5000000000404040A
:10BD70000404E4380404040404040604000000007D
:10BD80000000010101F10F0101010101FF000000AC
:10BD9000000000000202020202030202020202028A
:10BDA000030202030200C1F900000040404040408D
:10BDB00040424C784040404040406040000000001D
:10BDC00000C060180E0000000006081060C080006F
:10BDD000000004020100000000000000000000005C
:10BDE0000003010000C6DF000000000000000000AA
:10BDF000FEFC0000808080404040000000040404FD
:10BE000002020202FFFF01010000000000F000003A
:10BE10000000000000000000010302020202020212
:10BE200002030300B0CB0000000000000000F8088F
:10BE300000001EE000000000000000000000008084
:10BE4000701E0100000000030C30C08000000000E4
:10BE500004020100000000000000000000000001DA
:10BE6000030000BEC50000000040404040FE4040CE
:10BE70004040C04000000000000000000000804082
:10BE8000380700000000FF00000000C000000004B0
:10BE90000202010000000000000001020202020391
:10BEA0000300CAAE00000000000000000000FE0019
:10BEB00000000000000080000000000101010101FD
:10BEC0000101FF0101010101010101010000000068
:10BED000000000000000070000000000000000005B
:10BEE00000C4E30000000080E01C060080703E24D7
:10BEF000A0A02020A060000000040300FF0000C1FB
:10BF0000300C0400FF0000041870C00000000000A6
:10BF1000070001000000020607000000000000000A
:10BF2000BAC30000002020FC2620E0200004040406
:10BF3000C464180C0000000000102FA0407CC782D1
:10BF400002020202FF0202020202000004020100D9
:10BF5000000000010000020603000000000000CA0B
:10BF6000C00000008080F8808080FEFC808080809F
:10BF7000FE8080C0800000000000FF000000FF7F06
:10BF8000202020207F0000000000000000000702A9
:10BF90000202020202020202020202030200BDE7E2
:10BFA0000000000000FE9292921212FC12929292F5
:10BFB000FE0000000000202010110888FC1B01007A
:10BFC00001FA0C0C0818180000000000040202011D
:10BFD00000000000000700000000000000B4F300B3
:10BFE000000040404040404040FE40404040404013
:10BFF000406040000000000000008060380F030C2B
:10C000003040800000000000000404020201000033
:10C01000000000000000000103020000D0A10000A9
:10C020000000000080C0000000FE00008000000052
:10C0300000000000002018040300000000FF0000C2
:10C040000001030E3C00000000000000000002029E
:10C050000603000000000000000000B6E000000041
:10C0600000404020101068CE088848682818080052
:10C07000000000000004442422123ACD0F08884832
:10C08000482818080000000000040404040202020A
:10C0900001010000000000000000C9D900000000FC
:10C0A0000000C0600000FEFC000020408080000016
:10C0B000000010080403000000009F9F406030183B
:10C0C0000801070000000004040202020101000050
:10C0D000000000000000000000C7B0000000109049
:10C0E0009090929C901010109C1610D05010000050
:10C0F000000000FF24242424FF000000FF0000FFB4
:10C10000000000000000000700000202070000001D
:10C110000002060300000000BAF30000000000F86F
:10C120004848484844444444444442424000000093
:10C130000000C03F0000FC04040404040404FC04E8
:10C1400000000000040300000000070101010101DC
:10C1500001010300000000C0EF0000000000FE220B
:10C16000222222FC2222222222FE000000000000C5
:10C1700000002722222222FF222222222227200020
:10C180000000000002020202020202030202020296
:10C19000020202030200CDE20000000000C03C2EBB
:10C1A0002020E0600000FE00000000000000080405
:10C1B0000301826C180F01000000FF010202060457
:10C1C000000004020201000000000000000007005F
:10C1D0000000000000C0FD0000008060DC060008D8
:10C1E000F08888888800E00000FC00000002010060
:10C1F000FF100C0798601C0700003F0000FF0000C4
:10C200000000000607040201000000000000020216
:10C2100006030000D7D30000000000020202020261
:10C2200022C222120A0C0604800000000001010153
:10C230000101010101FF01010101010101010000F2
:10C2400000000000000002020703000000000000E0
:10C25000000000C8B700000008C830080808C8205F
:10C26000D84E48C8685840C00000000806FF414149
:10C27000FF0100F81F1212FF121212FF000000004F
:10C280000001000000040300000000030002060398
:10C290000000B6A800000040701010101010161C0E
:10C2A00010101010D03010000000000001C13949FA
:10C2B0008101FEFE111111111101000000000402A4
:10C2C0000100000000010303020202020606020050
:10C2D00000C8CF000000808084980000000000C0EB
:10C2E000FE0000000000000000000000FFC0601021
:10C2F00008C0701F000F70C00000000000000000A8
:10C30000000402020100000000000000030302001C
:10C31000C8A100000002FC22222222FE0A08F00826
:10C320000808C8780000000040407F22222222FF37
:10C33000101080C7386E83800000000000000000ED
:10C34000000004030402010000000001030000CF0C
:10C35000FB00004080840C188060C49850407E40F0
:10C360006050CC00000000202041F00C0300FFFFD3
:10C37000121212121212FF00000000000002070049
:10C380000000070300000000020603000000C9E8E7
:10C3900000000080828C880000807E0C0202027EF9
:10C3A000404040400000000000FF80402100020D9E
:10C3B000B1C1F11D070000000000000000010104F0
:10C3C00004020201010000010302020200D6C300C0
:10C3D000000080BE9292929E9ED2D2929E929292A3
:10C3E0009E0000000000000000FEAAAAAAABAAAAB4
:10C3F000AAAAFE02000000000002020202030202DA
:10C40000020202020202030202020200B2CB000098
:10C41000000888888888BE8848486A5C48E86808B8
:10C420000C0800000010101116905020F9FE205842
:10C430009413111018100000040202010100000002
:10C440000703000000010102020000B5A500000082
:10C450000000F090929C98E090909C9690F00000E4
:10C460000000000020203F28282828FF282828280E
:10C47000283F2030200000000000000000000007DE
:10C4800000000000000000000000CFEE00000008E7
:10C4900008F008080800E222223C242222E22200BE
:10C4A00000000060203F101008083F0080E01F409F
:10C4B00080BF000000000000000000000404020132
:10C4C000010000000001030000B7B50000008082F9
:10C4D0009C800000FC484444444444C6440000009E
:10C4E000000000807F8040308F80422414081E317D
:10C4F0006040000000010100000001010102020291
:10C500000202020202020100BBD800000000FC048B
:10C510000404C444444444C4440404FC0000000033
:10C520000000FF0000001F080808081F000000FFAF
:10C5300000000000000007010101010101010101EB
:10C5400001010103000000C9CF000000000000004D
:10C55000000000FE8080808080C08000000000001D
:10C5600000000000000000FF00000000000000804C
:10C5700000000000010101010101010101010101AF
:10C58000010101010100CFC20000000808080808ED
:10C590000808F0080808080808080800000000005B
:10C5A000000000000000FF01010202060C00000074
:10C5B0000000000000000000000007000000000074
:10C5C0000000000000B0B40000002020FE20202069
:10C5D000601010D2541810105030000000080804E9
:10C5E000FF02010122322E43C2C2F28C020200007D
:10C5F000000002020700040404020201010000001E
:10C6000001030000BCFC000080E01E90909008C870
:10C610003828282828FE28F8202000000004FF04DD
:10C62000844419E1F12F252525FF2527240000004A
:10C6300000000101040201000001010202020202E5
:10C64000020000B7C70000000020202020FEFC00F0
:10C6500000FEFC20202020200000000020222222BA
:10C6600022FFFF0000FFFF222222222220000000E2
:10C6700000000000000703000007030000000000A6
:10C680000000B3A3000000601010149C90909E92D4
:10C6900090909C14105030000000000000F0101723
:10C6A0001212FC1212121710F0000000000000001D
:10C6B0000003000000000706000101020300000063
:10C6C00000CEC400000010101010E01010161C1056
:10C6D000D060101010100000000000000000008367
:10C6E000CC70708C83000000000000000000040487
:10C6F0000202010000000000010103020202020028
:10C70000B1BE000000002020202020A0FEFCC020A0
:10C710002020202020000000804020100824232119
:10C72000FFFF2023242810302020000000000000FC
:10C73000000000000707000000000000000000D615
:10C74000D000000000E02020202020FE202020201B
:10C750002020E02000000000000F0404040404FF77
:10C760000404040404040F000000000000000000A2
:10C770000000000700000000000000000000B9FAFF
:10C7800000000000FE0202121212E2121212121235
:10C7900012FE000000000000FF40404141417F4187
:10C7A000414D596040FF00000000000007010101F9
:10C7B00001010101010101010103000000A1F600D6
:10C7C000000000F0F818189898989898981818F899
:10C7D000F0000000000000FFFF80809F9F9F9F9F50
:10C7E0009F8080FFFF0000000000000001010101A8
:10C7F000010101010101010100000000A1F500009B
:10C800000000F0F818181818181818181818F8F068
:10C81000000000000000FFFF80808080808080801A
:10C820008080FFFF00000000000000010101010105
:10C83000010101010101010000000000000000FEF3
:10C8400002020262721A0A0A0A0A9AF2E202020258
:10C85000FE0000FF00000000000000BEBE0301015A
:10C8600000000000FF0000070404040404040405A1
:10C8700005040404040404040700B3A400808080B9
:10C8800080FF8080A09088848280808000000000EB
:10C8900000FF4021120408102020404000B5C400D1
:10C8A00000F80C0B0808F840308F080808F8000062
:10C8B000007F212121217F0000004380403F0000B4
:10C8C000C1E300100C05555555857F855555550517
:10C8D000140C000404020A09292A4C48A91902026E
:10C8E000040400D2BB0080808080808080808080B3
:10C8F00080808080800000000000000000000000B8
:10C90000000000000000B6FE00000008080808084B
:10C910000808080808080000001010101010101077
:10C92000101010101010101000C8FD0000048484B6
:10C9300084848484848484848404000020202020CF
:10C94000202020202020202020202000CBC40000F8
:10C95000FC040404FC040404FC040404FC000000C3
:10C960007F28242320202020212222227F0000CE85
:10C97000E5000002424242C27E42424242C20202FC
:10C98000000040404040784740404040407F4040A9
:10C990004000C1F90020202020202021222C20202E
:10C9A0002020202000004020100C03000000010285
:10C9B0000418600000C6DF00808080808040FF4057
:10C9C00040402020202000000000000000003F40E8
:10C9D0004040404040780000B0CB00000000000024
:10C9E000FC0000007E80000000000000806018074E
:10C9F0000000000000030C30408000BEC5000010A5
:10CA0000101010FF10101010F00000000000804007
:10CA100020180700000000003F4040407800CAAEE8
:10CA20000040404040404040FF4040404040404087
:10CA30000000000000000000FF00000000000000F7
:10CA400000C4E300008060F8074020180F08C80801
:10CA500008281800010000FF00100C0340807F0030
:10CA600001061800BAC3001010F01F10F0008082F9
:10CA700082E2928A868000402215081661000040FA
:10CA8000807F0000000000CAC000202020FE20207F
:10CA9000FF202020FF20202020000000007F4040B9
:10CAA00047444444474040400000BDE700000000C8
:10CAB000FE929292FE929292FE00000000080804FC
:10CAC00084621E010001FE020404080800B4F300A1
:10CAD00020202020202020FF202020202020200097
:10CAE00080804020100C0300030C10204080800048
:10CAF000D0A100000000E0000000FF000000204086
:10CB0000800000080403000040807F000000000057
:10CB1000010E00B6E0000000101098A44744A45491
:10CB20000C04000000000081898944444A3121112D
:10CB3000090503000000C9D900000080601800004A
:10CB4000FF0000089020C00000008180804040204D
:10CB5000130804020100000000C7B0000808E8291B
:10CB60002E28E80808C80C0BE80808000000FF0998
:10CB700049897F00000F40807F000000BAF3000069
:10CB80000000FC24242424222222232220200040EE
:10CB900020180700FE424242424242FE000000C00E
:10CBA000EF000000FE92929292FE92929292FE000C
:10CBB0000000404044444444447F4444444444408E
:10CBC0004000CDE20000C0301F1010F00000FF2038
:10CBD0004080000000814021120C03000000FF0093
:10CBE0000000030000C0FD008060F80700847C2482
:10CBF00024E400F800FF00000000FF00844321123D
:10CC00000C03004F807F0000D7D300808282828295
:10CC10008282E2A2928A8682808000000000000068
:10CC200040807F0000000000000000C8B7000484BE
:10CC3000E45C44C42010E82724E4342CE000020122
:10CC40007F10103F80601F09093F49897F00B6A807
:10CC500000100C4444444445C64444444444140C29
:10CC6000008040201E2040407F44444444444040D3
:10CC700000C8CF00404042CC0000000000FF000090
:10CC8000000000000000003F90482018070007182F
:10CC900020408000C8A1000202FE929292FE02068D
:10CCA000FC040404FC000008180F080804FF0484B6
:10CCB00040271827408000CFFB001060020CC00006
:10CCC000E22C203F2028E600000004047C03000042
:10CCD000FF09090949897F000000C9E80040404276
:10CCE000CC0040A09E8282829EA0202000000000F6
:10CCF0003F908840432C10284641808000D6C300D6
:10CD0000001715D55557557D555755D515170000A2
:10CD10004040407F555555555555557F4040400042
:10CD2000B2CB00040444C44F4444C424242FB4248C
:10CD300004040040442424150C04FE040C1524248F
:10CD4000444000B5A5000000F8494A4C48F8484C5A
:10CD50004A49F800000010101312121212FF1212AA
:10CD6000121213101000CFEE00080808F80808008F
:10CD7000F2121AD61212F202001030100F080880B8
:10CD80004F20180710204F8000B7B500404042CC1C
:10CD90000000FC24A4242222A36200000040201FE3
:10CDA000205847504845424548504000BBD80000F5
:10CDB00000FE0202F2121212F20202FE0000000055
:10CDC000007F2020272424242720207F000000C962
:10CDD000CF00000000000000FF4040404040400005
:10CDE00000004040404040407F4040404040404084
:10CDF0004000CFC200020202020202FE0202428290
:10CE00000202020200000000000000FF000000001B
:10CE10000106000000B0B400101010FF90209888A8
:10CE200088E98E8888A898000242817F000080846B
:10CE30004B28102847800000BCFC004030EF242421
:10CE400080E49C105454FF547C100001017F215158
:10CE50002618274445455F45454400B7C700088864
:10CE6000888888FF000000FF8888888808001010E4
:10CE7000101010FF000000FF101010101000B3A3DE
:10CE800000201808EAACA8A8AFA8A8ACEA0828189F
:10CE90000000003E02020202FF020212221E0000F7
:10CEA00000CEC40008080838C808090E0808C838A9
:10CEB000080808008080404020110A040A11204020
:10CEC00040808000B1BE000010101010D030FF3044
:10CED000D010101010000010080402090808FF0804
:10CEE00008090204081000D6D0000000F01010104D
:10CEF00010FF10101010F000000000000F040404D8
:10CF000004FF040404040F000000B9FA0000FE024C
:10CF100012929292F29292921202FE000000FF4050
:10CF2000484848484F484A4C4840FF0000C1C100AB
:10CF300000040474545455565454547404040000AA
:10CF4000848341211D05050505057D818185E3005B
:10CF5000B6C8000000FC242424FC252624FC24243C
:10CF600024040040308F80844C55252525554C8065
:10CF7000808000BADA0000003E222A3222FE2232ED
:10CF80002A223E0000008868090929C9090F29C919
:10CF9000090929C80800B0B50000FC8484FC40449D
:10CFA000546546446454444000003F10103F000064
:10CFB000FF49494949FF000000C4A3001010D0FFF9
:10CFC0009014E4AFA4A4A4AFE4040000040300FFA1
:10CFD00000894B2A1A0E1A2A4B888000CABD0010FD
:10CFE0001090909090901010FF10101116100000EB
:10CFF0002060203F10101000030C102040F800B4F7
:10D00000CB000000F80000FF202000FF40201008A7
:10D01000000020603F20101F1010003F40404040A3
:10D020007800B1B800809090484C57242424544C88
:10D030004480808000000000FF4949497F494949F8
:10D04000FF00000000B9D80000001011161010F009
:10D0500010101413100000008181414121110D03B3
:10D060000D11214141818100D3DA0040404242420A
:10D070004242FE4242424242404000000000000064
:10D0800040807F0000000000000000B8D0000000D9
:10D09000FC04D4545454D4047F84C53604008866F8
:10D0A000010063828292AB8482C10224CF00D0BB94
:10D0B000004042CC0000FC5655FC801010FF1010C0
:10D0C0000000003F102A134A867F0043807F000043
:10D0D00000B9DB0008488808C83800FE0202F202E6
:10D0E00002FE000020100C03049840231806017E65
:10D0F0008083E000BFB40020222A2AAA6A3A2E299F
:10D100002929292920200008040201FF55555555D9
:10D110005555FF00000000C1AC00404042CC000467
:10D1200044645C47F444444404000040201F20440D
:10D13000444444447F4444444400CDF80000FE028B
:10D1400022428272022242827202FE000000FF101E
:10D150000806010E100806014E807F0000BFCE00B9
:10D160004042CC000000FE9292FE9292FE0000002F
:10D1700000003F100822120A06FF060A12222000B1
:10D18000C4D80000FC0404FC00FE2222A2222222B9
:10D190003E0000000F04844F300F00003F44444223
:10D1A000417000CDA8004042CC0000E2222A2AF2C1
:10D1B0002A2622E0000080403F4080FF898989BF05
:10D1C00089A9C9BF8000D0C500008060F8070004AD
:10D1D000242425262424240400010000FF0000004C
:10D1E000F94949494949F90000D0AD001010FF1034
:10D1F00010009010FF1010F0800000000000FF00F1
:10D20000048241300F40807F00010600D2E90040D7
:10D210004042CC00001CE0010600E01E00000000BF
:10D2200000003F90884020130C132040808000C8ED
:10D23000ED0008C8B88FE8888840300FC808281863
:10D24000000008180808FF048440300E010E30402A
:10D250008000BCFE00008060F80780601C1010FF9A
:10D260001010100000010000FF000202020202FF85
:10D270000202020200D7D600100C04242424252622
:10D28000A464240404140C00020202020242827FFD
:10D290000202020202020200CCE500008060F807F0
:10D2A000101010D0FFD01010100000010000FF106F
:10D2B00008040B08FF080B04081000B8DF00040482
:10D2C0000404F49495969494F4040404040000FE79
:10D2D00002027A4A4A4A4A4A7A0282FE0000B3AC03
:10D2E0000040484848FF484842A29E82A2C2BE0071
:10D2F0000080601F207F4444404F484848484F40CA
:10D3000000B5AF0002E222223E0000F94A4CF84C80
:10D310004AF90000004382423E0010131212FF122D
:10D3200012131000B6AF004044C4444444401010EF
:10D33000FF101010F00000103C131014B840300E15
:10D34000014080403F0000BBAD0002F20202F292B9
:10D3500092F29292F20202F20200007F40404F48A5
:10D36000484F48484F4040FF0000C1D0000002C273
:10D37000321E1212F20200F80000FF00000281408B
:10D3800021120C030000000F40807F0000B1ED006F
:10D3900000042424242424FF24242424240400001E
:10D3A00021211109FD83412305091129254141004E
:10D3B000C7F80000FE0202021222428242221A0232
:10D3C000020000007F4040484442414041424C40FE
:10D3D000404000D3F2002020FF202008C84848C861
:10D3E00008FF0809CA0010301F0808206724149796
:10D3F00050273846F100BCC600404042CC004040B7
:10D400004040FF4040404040000000007F201000AE
:10D410000000FF000000000000CBE3000804F3520E
:10D420005652525054535256F20202001010975561
:10D430003D1515151515FD1517101000C6F70080C0
:10D44000809E9292929EE0809EB2D2929E80000830
:10D4500008F4949292F10001F2929494F80800B2C8
:10D46000E2001060028C00FE02F202FE00F800FFF3
:10D47000000004047E018047300F10270047807FA2
:10D480000000CAD400404042CC009090909090FFA1
:10D4900010111610000000003F1028603F1010010E
:10D4A0000E3040F000A1F6000000F80404E4E4E4CB
:10D4B000E4E4E40404F8000000001F2020272727EC
:10D4C00027272720201F0000A1F5000000F80404F2
:10D4D0000404040404040404F8000000001F2020D5
:10D4E00020202020202020201F0000000000FF011D
:10D4F00001013109090909897101010101FFFF8059
:10D5000080808080809681808080808080FFC6C1FE
:10D510000000FF05252DF52525F52D27000807011D
:10D5200009050301010F010100C4BB0082BAAAEF83
:10D53000AABAAAAFAABA820004020F02020F020A14
:10D540000F020400C1C1008282BAAAAAABAAAABA79
:10D55000828200090806020202020608080D00B6CF
:10D56000C80000FE0A8ABEAAABAABE8A0A00080743
:10D570000008090A04040A090800B3A400202020B6
:10D58000FF2828E424222220000000000F040200CB
:10D590000102040400B5C400FC464544FC10082701
:10D5A000C404FC000F0404040F0000000808070076
:10D5B000C1E3000C25ADAD45BF45ADAD250C000167
:10D5C00001000505050B0900010100D2BB00404028
:10D5D000404040404040404040000000000000000B
:10D5E000000000000000B6FE00000404040404046F
:10D5F00004040400000404040404040404040404F3
:10D6000000C8FD0000024242424242424202000083
:10D61000080808080808080808080800CBC4000023
:10D62000FE02827E02027E8282FE00000F0504045A
:10D6300004040404040F00CEE500022222E23E228C
:10D640002222E202000008080E09080808080F0854
:10D650000800C1F900101010D011161050901010D1
:10D6600000080403000000000000030C00C6DF00F7
:10D6700020202020FF1010101010100000000000CB
:10D680000708080808080E00B0CB00000000FE00E4
:10D6900000007F800000000804030000000000017B
:10D6A000060800BEC500080808FF080808F80000C2
:10D6B0000000080403000000000708080E00CAAEBE
:10D6C000002020202020FF2020202020000000001B
:10D6D00000000F000000000000C4E3002010FC0365
:10D6E00010CF04F404548C0000000F000201080F56
:10D6F00000000300BAC30088780F88784242F24ADB
:10D70000464000080502050800080F00000000CA96
:10D71000C0001010FE1010FF1010FF1010000000CD
:10D720000F080809090909080800BDE700809F954E
:10D7300055553F5555959F80000008040300000093
:10D740000F00000000B4F30010101010D03FD010F4
:10D75000101010000808040300000003040808006B
:10D76000D0A10000C0300000FF0000106080000168
:10D77000000008080F000000000100B6E0009090D3
:10D78000485423924A6652C040000808080905041C
:10D79000030201000000C9D90020100C0000FF00A6
:10D7A0000084083000080808040402020100000098
:10D7B00000C7B00004F4555654F404E605F4040020
:10D7C000000F0101090F0003080F0000BAF3000069
:10D7D00000FE129292929191919000080601000F22
:10D7E00004040404040F00C0EF00007F494949FF0E
:10D7F0004949497F000008090909090F0909090970
:10D800000800CDE20040304F88780000FF1020C0B3
:10D8100000080402010000000F00000000C0FD002D
:10D8200010FC83629E12F200FC00FF00000F000853
:10D830000403000009080F00D7D3004040424242D1
:10D84000F24A464240400000000008080F00000075
:10D85000000000C8B70042F22EE200F453F25A561C
:10D86000F000000702070807010701090F00B6A82A
:10D87000002C24A42425E6242424242C00080403BA
:10D8800004080F090909090800C8CF001011F200A7
:10D890000000C03FC00000000000070209060100B0
:10D8A00001060800C8A10002FE5252FE0204FC0458
:10D8B000FC0000020302020F01080403040800CF69
:10D8C000FB0010220400F254505F5054F200040296
:10D8D00001000F01010101090F00C9E8001011F258
:10D8E0000050CF41414FD01000000007020808054A
:10D8F0000205080800D6C3001017D555577D5755A7
:10D90000D517100008080F08080E08080F080800AF
:10D91000B2CB001232521732D2124F2A0A02000939
:10D92000090503010F010305090900B5A500007CE5
:10D93000555654FC5456557C000001010101010F5D
:10D94000010101010100CFEE0002FE0200F9090D04
:10D95000EB0909F9000201010809040201020409A6
:10D9600000B7B5001011F200FE0A2A4A89493900B1
:10D970000804030609080A0908090A00BBD80000C0
:10D98000FE0202F29292F20202FE00000F04040470
:10D9900004040404040F00C9CF0000000000FF10BD
:10D9A000101010100000080808080F0808080808E0
:10D9B0000800CFC20002020202FE021222428202CC
:10D9C00000000000000F00000000010000B0B400E3
:10D9D0008888FF48004CC47546C44C0000080F00FE
:10D9E0000808050202050800BCFC0094F39264DC00
:10D9F00088AAFFAABE0800000F040A070A0A0F0A35
:10DA00000A0A00B7C70004242424FF00FF242424AA
:10DA10000400010101010F000F0101010100B3A386
:10DA2000000C04755654D7545675040C00000701B9
:10DA300001010F010105070000CEC40004041C64AD
:10DA4000850684641C04040008080404020102041E
:10DA500004080800B1BE000404846414FF14648444
:10DA600004040002010202020F020202010200D6B7
:10DA7000D00000F8888888FF888888F800000001B6
:10DA80000000000F000000010000B9FA00FF0125AE
:10DA90002525FD2565A501FF000F050505050505E3
:10DAA0000505050F00D7D6000C0424242526A46400
:10DAB00024040C0001010109090F01010101010009
:10DAC000CCE50010FC03884828FF284888000000A7
:10DAD0000F010002020F0202000100B8DF00828283
:10DAE000BAAAAAABAAAABA8282000F00000E0A0A3A
:10DAF0000A0E00080F00B3AC0020A424FF2420D29B
:10DB00004E4252DE000807040F09090B0A0A0A0BED
:10DB100000B5AF00F2929E007C5556FC56557C0035
:10DB2000080807000101010F01010100B6AF001054
:10DB3000D23292100008FF0808F800030202020324
:10DB400008060108080700BBAD00FD01FD2525FD05
:10DB50002525FD01FD00070405050505050505044E
:10DB60000F00C1D00042225E9212F200FC0000FFC2
:10DB700000000804020100000108080F00B1ED00D8
:10DB800040445454D47FD454544440000404020FFD
:10DB900008040102040A0900C7F80000FE020A1284
:10DBA000A242A2120A0200000F080A090808080986
:10DBB0000A0800D3F20010FF1000F494F404FF846C
:10DBC00065000407020004040A0403050E00BADA23
:10DBD00000005F515551FF5155515F00000905018B
:10DBE000050901050901050900B0B500FE22FE2462
:10DBF000ACB4A5A6B4AC2400070207000F0A0A0AB9
:10DC00000A0F0000C4A3008868FF4802FAAFAAAF59
:10DC1000FA020000000F000A0A0603060A0A00CAF8
:10DC2000BD00084848C8484808FF08090A00080815
:10DC300008070404040003040E00B4CB0000F8003D
:10DC4000FF202000FF20100C00080F08070404002C
:10DC50000708080E00B1B8002024D2574ACA4A5615
:10DC6000D220200000000F05050705050F00000069
:10DC7000B9D8004048494A48F8484A49484000084D
:10DC80000804020100010204080800D3DA00202180
:10DC9000212121FF21212121200000000008080F5F
:10DCA000000000000000B8D00000FE02EAAAEA026C
:10DCB0009F629BC20009060006080A0D080C020DAF
:10DCC00000D0BB0011F280FEABAAFE4088FF080026
:10DCD000000F040201080F00080F0000B9DB001458
:10DCE00064847C00FE02F202FE00000402010608C9
:10DCF00004030007080E00BFB40020AAEAAABAAEC7
:10DD0000A9A9A9E9200001000F0A0A0A0A0A0A0FB4
:10DD10000000C1AC0021E20004342C27F4242404C8
:10DD200000080708090909090F09090900CDF800C9
:10DD3000FF099161910991619109FF000F010000B4
:10DD40000001000008090F00BFCE0011F2405F552E
:10DD500055FF55555F40000007020402010F010204
:10DD6000040400C4D800FE0202FE00FE12D2129289
:10DD70005E00030101030807000709080E00CEC476
:10DD80000004041C64850684641C04040008080460
:10DD9000040201020404080800D7D6000C0424245D
:10DDA0002526A46424040C0001010109090F0101C6
:10DDB00001010100B4B00006E22AA6F2ABA2A62A35
:10DDC000E20600000F090D0A0A0D08080F0000BF47
:10DDD000DA0000FE02020202020202FE0000000758
:10DDE00002020202020202070000B8A10010210292
:10DDF000002A3226AA612905000402010001010956
:10DE00000F01010100B5E30000F01010101F121205
:10DE100012F20200080501050901050901050800C3
:10DE2000CAFD00482A987F284A10EF08F808000920
:10DE30000B05050B00080502050800BDF8001011D0
:10DE4000F24044FF4444FF444000080403040A092C
:10DE500008080B080800CCF50020A492978AEA8AEB
:10DE60009692A0200008040200080F000002040897
:10DE700000D5FB00C2AE9AFF9AAEC4AB92AEC20010
:10DE800008080E08080F0A0A0A0A0800CAFD004816
:10DE90002A987F284A10EF08F80800090B05050B9F
:10DEA00000080502050800BFD5000CA4948C8586E7
:10DEB000848C94A40C0008080808080F08080808B7
:10DEC0000800BEDD008888FF4800FEAAAAFAAAAEB4
:10DED0000000080F0806010F0404040F00B2E2005E
:10DEE0002244FE02FA02FE00FC00FF0004020904C4
:10DEF0000304090001080F00CAD40011F200002435
:10DF0000E42404FF040500000F04000407020003DA
:10DF1000040E00CFD400803E2AEA2A2A2AEA2A3EAA
:10DF2000800008090A0F0808080F0A090800CABE7D
:10DF3000001010921212F21212921010000402013C
:10DF400000080F000000010600D6A100FC04FF0439
:10DF5000FC00F010DF14F40001000F0101000B04BD
:10DF600003040B00C2CA00028A529AD6B3D28A5264
:10DF70008A020002020202020F020202020200A151
:10DF8000F6000000F804F4F4F4F404F800000000D3
:10DF900001020202020202010000A1F5000000F8E5
:10DFA000040404040404F800000000010202020258
:10DFB0000202010000000000FF01191D05C3C34556
:10DFC0003D1901FF0F080808080E0E080808080F81
:10DFD000B3A4000008FE48744A4800B5C400007E9F
:10DFE0004B7E0A03FC00C1E3000022123CF2222413
:10DFF00000D2BB000008080808080800B6FE0000B0
:10E0000040444444444400C8FD0000404A4A4A4A4F
:10E010004200CBC40000FC625C7C62FE00CEE500E6
:10E0200000404A7C4A724200C1F900804424150431
:10E03000146400C6DF000010087E48484040B0CBA2
:10E0400000804038040E304000BEC50000C03806D5
:10E0500004F88080CAAE000004047E04040400C4F6
:10E06000E300107C4B3E837C1420BAC30080BC7656
:10E070005890FA1400CAC00000FC88FEA8BC8800B2
:10E08000BDE70000AE6E161E6E2E20B4F3000084B5
:10E09000443E34448400D0A100001008807E081063
:10E0A00000B6E0000008AA5755522000C9D9002048
:10E0B00098844E41341800C7B00000FAAFFE728356
:10E0C0007A00BAF300807C066656566400C0EF0002
:10E0D000004E6E7E6E6E4E00CDE2000098563808FF
:10E0E000FE1000D7F30040201C4B724A4200D3D2EE
:10E0F000004024745C54546400C0FD0000FE597656
:10E10000093EFE00D7D30000080A8A7A0C0A00C82C
:10E11000B700007E31752BFEF800C8CF00003AC46E
:10E12000603C204000C8A100003C56FE4C324C0030
:10E13000CFFB0004E91CFA1C1FFE00B2CB0080914B
:10E140005A653E5D9200B5A500003C377E36373CEF
:10E1500000B7B5008072A0DCB696AE80BBD80000D8
:10E16000FC5A56565AFC00C9CF000040407E484831
:10E170004000CFC2000000027C0A120200B0B400CE
:10E1800010F68AACBC6A5C00BCFC00047BD46EB3A5
:10E19000FFB6A0C9E80000F0C88E726E9800D6C322
:10E1A000000046767E7E7A4600B7C70000202C7EAF
:10E1B0007C2C2800B3A30000221A761E5B2400CE1C
:10E1C000C4000080986474888400B1BE004020328E
:10E1D0002C773A2200D6D000001C127E12123C008E
:10E1E000B9FA0000FE6A7E726AFE00C1C1001088A2
:10E1F000751F6F8D9180B6C800C0BE95AD5DAD85B1
:10E2000000A1F500003C424242423C00A1F6000061
:10E210003C425A5A423C00000000FF8185D3938D56
:10E2200081FF02060E0E0602FFFFFFFFFFFFFFFF4A
:10E23000FFFFFFFFFFFFFFFFFFFFFFFFFFFFFFFFEE
:10E24000FFFFFFFFFFFFFFFFFFFFFFFFFFFFFFFFDE
:10E25000FFFFFFFFFFFFFFFFFFFFFFFFFFFFFFFFCE
:10E26000FFFFFFFFFFFFFFFFFFFFFFFFFFFFFFFFBE
:10E27000FFFFFFFFFFFFFFFFFFFFFFFFFFFFFFFFAE
:10E28000FFFFFFFFFFFFFFFFFFFFFFFFFFFFFFFF9E
:10E29000FFFFFFFFFFFFFFFFFFFFFFFFFFFFFFFF8E
:10E2A000FFFFFFFFFFFFFFFFFFFFFFFFFFFFFFFF7E
:10E2B000FFFFFFFFFFFFFFFFFFFFFFFFFFFFFFFF6E
:10E2C000FFFFFFFFFFFFFFFFFFFFFFFFFFFFFFFF5E
:10E2D000FFFFFFFFFFFFFFFFFFFFFFFFFFFFFFFF4E
:10E2E000FFFFFFFFFFFFFFFFFFFFFFFFFFFFFFFF3E
:10E2F000FFFFFFFFFFFFFFFFFFFFFFFFFFFFFFFF2E
:10E30000FFFFFFFFFFFFFFFFFFFFFFFFFFFFFFFF1D
:10E31000FFFFFFFFFFFFFFFFFFFFFFFFFFFFFFFF0D
:10E32000FFFFFFFFFFFFFFFFFFFFFFFFFFFFFFFFFD
:10E33000FFFFFFFFFFFFFFFFFFFFFFFFFFFFFFFFED
:10E34000FFFFFFFFFFFFFFFFFFFFFFFFFFFFFFFFDD
:10E35000FFFFFFFFFFFFFFFFFFFFFFFFFFFFFFFFCD
:10E36000FFFFFFFFFFFFFFFFFFFFFFFFFFFFFFFFBD
:10E37000FFFFFFFFFFFFFFFFFFFFFFFFFFFFFFFFAD
:10E38000FFFFFFFFFFFFFFFFFFFFFFFFFFFFFFFF9D
:10E39000FFFFFFFFFFFFFFFFFFFFFFFFFFFFFFFF8D
:10E3A000FFFFFFFFFFFFFFFFFFFFFFFFFFFFFFFF7D
:10E3B000FFFFFFFFFFFFFFFFFFFFFFFFFFFFFFFF6D
:10E3C000FFFFFFFFFFFFFFFFFFFFFFFFFFFFFFFF5D
:10E3D000FFFFFFFFFFFFFFFFFFFFFFFFFFFFFFFF4D
:10E3E000FFFFFFFFFFFFFFFFFFFFFFFFFFFFFFFF3D
:10E3F000FFFFFFFFFFFFFFFFFFFFFFFFFFFFFFFF2D
:10E40000FFFFFFFFFFFFFFFFFFFFFFFFFFFFFFFF1C
:10E41000FFFFFFFFFFFFFFFFFFFFFFFFFFFFFFFF0C
:10E42000FFFFFFFFFFFFFFFFFFFFFFFFFFFFFFFFFC
:10E43000FFFFFFFFFFFFFFFFFFFFFFFFFFFFFFFFEC
:10E44000FFFFFFFFFFFFFFFFFFFFFFFFFFFFFFFFDC
:10E45000FFFFFFFFFFFFFFFFFFFFFFFFFFFFFFFFCC
:10E46000FFFFFFFFFFFFFFFFFFFFFFFFFFFFFFFFBC
:10E47000FFFFFFFFFFFFFFFFFFFFFFFFFFFFFFFFAC
:10E48000FFFFFFFFFFFFFFFFFFFFFFFFFFFFFFFF9C
:10E49000FFFFFFFFFFFFFFFFFFFFFFFFFFFFFFFF8C
:10E4A000FFFFFFFFFFFFFFFFFFFFFFFFFFFFFFFF7C
:10E4B000FFFFFFFFFFFFFFFFFFFFFFFFFFFFFF3F2C
:10E4C0003F7F7F7F7F3F3FFFFFFFFFFFFF7F7F7F1C
:10E4D0007F7F7F7F7F7FFFFFFFFFF76303030000E6
:10E4E00000E0F0F0E0000000030363F7FFFEFEFE33
:10E4F000FEFEFEFEFEFEFFFFFFFFFEF8F8F8E080E6
:10E5000080C0C1C1C08080E0F8F8F8FEFFFCFCFCD0
:10E51000FCFCFCFCFCFCFFFFFFFFFFFFFFFFFFF923
:10E52000F9F9F9F9F9F9F9F9F9F9F9F9F9F9F9F95B
:10E53000F9F9F9F9F9F9FFFFFFFFFF0707070707E7
:10E54000070707070707FFFFFF0707070707070773
:10E550000707070707FFFFFFFFFFFFC0C0C0C0C0DE
:10E56000C0C0C0C0C0C0FFFFFFC0C0C0C0C0C0C0EE
:10E57000C0C0C0C0C0FFFFFFFFFFFF0101010101DC
:10E58000010101010101FFFFFF0101010101010181
:10E590000101010101FFFFFFFFFFFFE0E0E0E0E01C
:10E5A000E0E0E0E0E0E0FFFFFFE0E0E0E0E0E0E00E
:10E5B000E0E0E0E0E0FFFFFFFFFFFFFFFF7F7F3FC6
:10E5C0003F1F1F1F1F1F1F3F3F3F7FFFFFFFFFFF1B
:10E5D000FFFFFFFFFFFFFFFFFFFFC7010000000677
:10E5E000060600000000C6262610101011171F1F77
:10E5F0001F1F3F7FFFFFFFFFFFFFFFFEFC80C0E00C
:10E60000E0E0E0E0E6E1800000000303000000033A
:10E610000300000080F3FFFFFFFFFFFFFFFFFFFF8E
:10E62000FFFFFFFFFFFFFFFFFEFEFEFCFCFCFCFC0C
:10E63000FCFCF8FFFFFFFFFFFFFFFFFFFFFFFFFFF7
:10E64000FFFF3F1F1F0F0F0F0F0F0F1F1F3FFFFF7A
:10E65000FFFFFFFFFFFFFFFFFFFFFFFFFFFFFFFFCA
:10E660001F00000000000000000000000000001F6C
:10E67000FFFFFFFFFFFFFFFFFFFFFFFFFFFF07C0E1
:10E68000800000000000000000000000000000808A
:10E69000C007FFFFFFFFFFFFFFFFFFFFFFFFFFFFC1
:10E6A000FFF2F0F0F0F0F0F8F8F0F0F0F0F0F2FF38
:10E6B000FFFFFFFFFFFFFFFFFFFFFFFFFFFFFFFF6A
:10E6C000FFFFFFFFFFFF0F0F0F0FFFFFFFFFFFFF1A
:10E6D000FFFFFFFFFFFFFFFFFFFFFFFFFFFFFF7ECB
:10E6E000666666666666E0E0E0E0E6E606060686E2
:10E6F000F6FEFFFFFFFFFFFFFFFFFF83397CFCFEFD
:10E70000FEFEFEFE7C7C3C38080081C0E0C0C2C337
:10E710008787070F0F0F1F1FFFFFFFFFFEFEFCFC89
:10E72000FCFCFCFCFCFCFEFEFFFFFFFFFFFFFFFF0D
:10E73000FFFFFFFFFEFEFCFCFFFFFFFFFFFFFFFFF1
:10E74000FFFFFFFFFFFFFFFFFFFFFFFFFFFFFFFFD9
:10E75000FFFFFFFFFFFFFFFFFFFFFFFF3F1F1F1F29
:10E760001F3FFFFFFF3F1F1F1F1F3FFFFFFF3F1FF9
:10E770001F1F1F3FFFFFFFFFFFFFFFFFFCF8F8F821
:10E78000F8FCFFFFFFFCF8F8F8F8FCFFFFFFFCF8CF
:10E79000F8F8F8FCFFFFFFFFFFFFFFFFFFFFFFFFA1
:10E7A000FFFFFFFFFFFFFFFFFFFFFFFFFFFFFFFF79
:10E7B000FFFFFFFFFFFFFFFFFFFFFFFFFFFF030361
:10E7C0000303C3C3C3C3C3C3C3C3C3C3C3C3030319
:10E7D0000303FFFFFFFFFFFFFFFFFFFFFFFF00003F
:10E7E0000000C3C3030303C3C3030303C3C3000085
:10E7F0000000FFFFFFFFFFFFFFFFFFFFFFFF000025
:10E800000000181800000018180000001818000078
:10E810000000FFFFFFFFFFFFFFFFFFFFFFFFC0C084
:10E82000C0C0C3C3C0C0C0C3C3C0C0C0C3C3C0C0D6
:10E83000C0C0FFFFFFFFFFFFFFFFFFFFFF3F1F1FE6
:10E840000F07070303FFFFFFFFFFFFCFCFCF4F0FE0
:10E850000F8FCFFFFFFFFFFFFFFF0F010000000042
:10E860000000000000030F1F3F7FFFF3F1F0F0F204
:10E87000F3F3F3FFFFFFFFFFFFFFF8C0000000000E
:10E880000000000000000000000000000101010382
:10E8900003030383C3F1FFFFFFFFFFFFFFFEFCF84D
:10E8A000F8F0E0E0E0C0C0C0C0C0C0E0E0F0F0F8C8
:10E8B000F8FCFEFFFFFFFFFFFFFFFFFFFFFFFFFF73
:10E8C0007F7F7FFFFFFF0F07070FFFFFFF7F7F7F28
:10E8D000FFFFFFFFFFFFFFFFFFFFFFFF1F0701C05D
:10E8E000F0F8FCFFFFFF00000000FFFFFFFCF8F066
:10E8F000C001071FFFFFFFFFFFFFFFFFE0800007D2
:10E900001F7FFFFFFFFFFFFEFEFFFFFFFFFF7F1FD9
:10E91000070080F0FFFFFFFFFFFFFFFFFFFFFFFE8D
:10E92000FCF8F8F0F1E1E1E1E1E1E1F1F0F8F8FC07
:10E93000FEFFFFFFFFFFFFFFFFFFFFFFFFFFFFFFE8
:10E94000FFFFFFFF1F0F0F0F0F0F0F0F0F0F0F0F07
:10E950000F0F0F0F0F0F0F0F0F0F0F0F0F0F0F0FC7
:10E960000F0F0F0F0F0F0F0F0F0F0F1FFFFFFFFFE7
:10E97000FFFFFFFFFFFFFFFFFFFFFFFFFFFFFFFFA7
:10E98000FFFFFFFF0000000000000000F0F0F0F0CB
:10E99000F0F0F0F0F0F0F0F0F0F0F0F0F0F0F0F077
:10E9A000F0F0F0F00000000000000000FFFFFFFFAB
:10E9B000FFFFFFFFFFFFFFFFFFFFFFFFFFFFFFFF67
:10E9C000FFFFFFFF00000000000000000F0F0F0F0F
:10E9D0000F0F0F0F0F0F0F0F0F0F0F0F0F0F0F0F47
:10E9E0000F0F0F0F0000000000000000FFFFFFFFEF
:10E9F000FFFFFFFFFFFFFFFFFFFFFFFFFFFFFFFF27
:10EA0000FFFFFFFF0000000000000000F0F0F0F04A
:10EA1000000000000000F0F0F0F000000000000036
:10EA2000F0F0F0F00000000000000000FFFFFFFF2A
:10EA3000FFFFFFFFFFFFFFFFFFFFFFFFFFFFFFFFE6
:10EA4000FFFFFFFF0000000000000000C0C0C0C0CA
:10EA5000000000000000C0C0C0C0000000000000B6
:10EA6000C0C0C0C00000000000000000FFFFFFFFAA
:10EA7000FFFFFFFFFFFFFFFFFFFFFFFFFFFFFFFFA6
:10EA8000FFFFFFFF0000000000000000030303037E
:10EA9000000000000000030303030000000000006A
:10EAA000030303030000000000000000FFFFFFFF5E
:10EAB000FFFFFFFFFFFFFFFFFFFFFFFFFFFFFFFF66
:10EAC000FFFFFFFF00000000000000000F0F0F0F0E
:10EAD0000000000000000F0F0F0F000000000000FA
:10EAE0000F0F0F0F0000000000000000FFFFFFFFEE
:10EAF000FFFFFFFFFFFFFFFFFFFFFFFFFFFFFFFF26
:10EB0000FFFFFFFFF8F0F0F0F0F0F0F0F0F0F0F0C1
:10EB1000F0F0F0F0F0F0F0F0F0F0F0F0F0F0F0F0F5
:10EB2000F0F0F0F0F0F0F0F0F0F0F0F8FFFFFFFFA1
:10EB3000FFFFFFFFFFFFFFFFFFFFFFFFFFFFFFFFE5
:10EB4000FFFFFFFFFFFFFFFFFFFFFFFFFFFFFFFFD5
:10EB5000FFFFFFFFFFFFFFFFFFFFFFFFFFFFFFFFC5
:10EB6000FFFFFFFFFFFFFFFFFFFFFFFFFFFFFFFFB5
:10EB7000FFFFFFFFFFFFFFFFFFFFFFFFFFFFFFFFA5
:10EB8000FFFFFFFFFFFFFFFFFFFFFFFFFFFFFFFF95
:10EB9000FFFFFFFFFFFFFFFFFFFFFFFFFFFFFFFF85
:10EBA000FFFFFFFFFFFFFFFFFFFFFFFFFFFFFFFF75
:10EBB000FFFFFFFFFFFFFFFFFFFFFFFFFFFFFFFF65
:10EBC000FFFFFFFFFFFFFFFFFFFFFFFFFFFFFFFF55
:10EBD000FFFFFFFFFFFFFFFFFFFFFFFFFFFFFFFF45
:10EBE000FFFFFFFFFFFFFFFFFFFFFFFFFFFFFFFF35
:10EBF000FFFFFFFFFFFFFFFFFFFFFFFFFFFFFFFF25
:10EC00003F0F07070303030307070F3FFFFFFFFF44
:10EC1000FFFF3F0F07070303030307070F3FFFFF34
:10EC2000FFFFFFFF3F0F07070303030307070F3F24
:10EC3000FFFFFFFFFFFFFFFFFFFFFFFFFFFFFFFFE4
:10EC4000FCF0E0E0C0C0C0C0E0E0F0FCFFFFFFFF70
:10EC5000FFFFFCF0E0E0C0C0C0C0E0E0F0FCFFFF60
:10EC6000FFFFFFFFFCF0E0E0C0C0C0C0E0E0F0FC50
:10EC7000FFFFFFFFFFFFFFFFFFFFFFFFFFFFFFFFA4
:10EC8000FFFFFFFFFFFFFFFFFFFFFFFFFFFFFFFF94
:10EC9000FFFFFFFFFFFFFFFFFFFFFFFFFFFFFFFF84
:10ECA000FFFFFFFFFFFFFFFFFFFFFFFFFFFFFFFF74
:10ECB000FFFFFFFFFFFFFFFFFFFFFFFFFFFFFFFF64
:10ECC000FFFFFFFFFFFFFFFFFFFFFFFFFFFFFFFF54
:10ECD000FFFFFFFFFFFFFFFFFFFFFFFFFFFFFFFF44
:10ECE000FFFFFFFFFFFFFFFFFFFFFFFFFFFFFFFF34
:10ECF000FFFFFFFFFFFFFFFFFFFFFFFFFFFFFFFF24
:10ED0000FFFFFFFFFFFFFFFFFFFFFFFFFFFFFFFF13
:10ED1000FFFFFFFFFFFFFFFFFFFFFFFFFFFFFFFF03
:10ED2000FFFFFFFFFFFFFFFFFFFFFFFFFFFFFFFFF3
:10ED3000FFFFFFFFFFFFFFFFFFFFFFFFFFFFFFFFE3
:10ED4000FFFFFFFFFFFFFFFFFFFF7F3F3F3F1F1F53
:10ED50001FCFFFFFFFFFFFFFFFFFFFFFFFFFFFFFD3
:10ED6000FFFFFFFFFFFFFFFFFFFFFFFFFFFFFFFFB3
:10ED7000FFFFFFFFFFFFFFFFFFFFFFFFFFFFFFFFA3
:10ED8000FF7F3F0F070703010000000000000000A5
:10ED9000003FFFFFFFFFFFFFFFFFFFFFFFFFF3E16C
:10EDA000E1E1E1E1E1612101010181C1E1F3FFFF65
:10EDB000FFFFFFFFFFFFFFFFFFFFFFFFFF7F0F03CF
:10EDC0000000000000000000000000000000000043
:10EDD0000000031F7FFFFFFFFFFFFFFFFFFF3F1F3D
:10EDE0000F0703010010181C1E1F1F1F1F3FFFFFEE
:10EDF000FFFFFFFFFFFFFFFFFFFFFFFF0700000018
:10EE00000000000000000000000000000000000002
:10EE100000000000000003070F1F3F3F7FFFFFFEC1
:10EE2000FEFEFEFEFEFEFEFEFEFEFEFEFEFFFFFFFF
:10EE3000FFFFFFFFFFFFFFFFFFFFFFFFF8000000E6
:10EE400000000000000000000000000000000000C2
:10EE500000000000000000000000000000000001B1
:10EE6000010303030707070707070F07070707073C
:10EE7000070703F3FFFFFFFFFFFFFFFFFFFFF8E0C0
:10EE8000C0000000000000000000000000000000C2
:10EE90000000000000000000000000000000000072
:10EEA000000000000000000000000000000000C0A2
:10EEB000E0F8FFFFFFFFFFFFFFFFFFFFFFFFFFFF88
:10EEC000FFFFFEFCF8F0E0C08080000000000000C2
:10EED0000000000000000000000000000000000032
:10EEE00000000000000080C0C0E0F0F8FCFEFFFF62
:10EEF000FFFFFFFFFFFFFFFFFFFFFFFFFFFFFFFF22
:10EF0000FFFFFFFFFFFFFFFFFFFFFFFFFEFEFCFC19
:10EF1000FCFCF8F8F8F8F8F8F8F8F8F8F8F8FCFC61
:10EF2000FCFCFEFEFFFFFFFFFFFFFFFFFFFFFFFFF9
:10EF3000FFFFFFFFFFFFFFFFFFFFFFFFFFFFFFFFE1
:10EF4000FFFFFFFFFFFFFFFFFFFFFFFFFFFFFFFFD1
:10EF5000FFFFFFFFFFFFFFFFFFFFFFFFFFFFFFFFC1
:10EF6000FFFFFFFFFFFFFFFFFFFFFFFFFFFFFFFFB1
:10EF7000FFFFFFFFFFFFFFFFFFFFFFFFFFFFFFFFA1
:10EF8000FFFF7F3F3F1F1F0F0F0707070703030305
:10EF900003030307070707070F0F1F1F3F7FFFFF2D
:10EFA000FFFFFFFFFFFFFFFFFFFFFFFFFFFFFFFF71
:10EFB000FFFFFFFFFFFFFFFFFFFFFFFFFFFF1F0739
:10EFC00001000000000000387C7C7C7C38000000E0
:10EFD00000000000387C7C7C7C38000000008081D0
:10EFE00083879FFFFFFFFFFFFFFFFFFFFFFFFFFF85
:10EFF000FFFFFFFFFFFFFFFFFFFFFFFFFFE000003E
:10F000000000000000000000000000000000000000
:10F0100000000080E030180C0C060203030101011F
:10F020000101010101010101030303070F0F1F3F4C
:10F030007FFFFFFFFFFFFFFFFFFFFFFFFFFFFFFC63
:10F04000F8F0E0C0800000000000000000000000B8
:10F0500000F8FF0300000000000000060F0F0F067D
:10F06000000000000000060F0F0F06000000000067
:10F0700000010FFFFFFFFFFFFFFFFFFFFFFFFFFF8D
:10F08000FFFFFFF7F0F8F8FCFCFEFCFCFCFCFCFCCE
:10F09000FCFDFFF8E0C08000000000000000000060
:10F0A000000000000000000000000000000080C020
:10F0B000E0F8FFFFFFFFFFFFFFFFFFFFFFFFFFFF86
:10F0C000FFFFFFFFFFFFFFFFFFFFFFFFFFFFFFFF50
:10F0D000FFFFFFFFFFFFFFFFFEFEFCFCF8F8F8F06C
:10F0E000F0F0F0F0F0F0F8F8F8F8F0E0E6FFFFFFED
:10F0F000FFFFFFFFFFFFFFFFFFFFFFFFFFFFFFFF20
:10F10000FFFFFFFFFFFFFFFFFFFFFFFFFFFFFFFF0F
:10F11000FFFFFFFFFFFFFFFFFFFFFFFFFFFFFFFFFF
:10F12000FFFFFFFFFFFFFFFFFFFFFFFFFFFFFFFFEF
:10F13000FFFFFFFFFFFFFFFFFFFFFFFFFFFFFFFFDF
:10F14000FFFFFFFFFFFFFFFFFFFFFFFFFFFFFFFFCF
:10F15000FFFFFFFFFFFFFFFFFFFFFFFFFFFFFFFFBF
:10F16000FFFFFFFFFFFFFFFFFFFFFFFFFFFFFFFFAF
:10F17000FFFFFFFFFFFFFFFFFFFFFFFFFFFFFFFF9F
:10F18000FFFFFFFFFFFFFFFFFFFFFFFFFFFFFFFF8F
:10F19000FFFFFFFFFF00000000000000FFFFFFFF78
:10F1A000FFFFFFFFFFFFFFFFFFFFFFFFFFFFFFFF6F
:10F1B000FFFFFFFFFFFFFFFFFFFFFFFFFFFFFFFF5F
:10F1C000FFFFFFFFFFFFFCFCFC7C7C7C7C7C7C7CED
:10F1D0007C7C7C7C7C000000000000007C7C7C7CD3
:10F1E0007C7C7C7C7C7C7C7C7CFCFCFCFFFFFFFFD3
:10F1F000FFFFFFFFFFFFFFFFFFFFFFFFFFFFFFFF1F
:10F20000FFFFFFFFFF7F7F7F3F3E3E3E3E3E3E7E55
:10F210007E7E7E7E7EFEFEFEFEFEFEFEFEFEFE7E0E
:10F220001E020000000080E0FCFFFFFFFFFFFFFF69
:10F23000FFFFFFFFFFFFFFFFFFFFFFFFFFFF3F0F8E
:10F2400003C1E1F0F8F8F8FCFCFCFCFCFCFCF8F86D
:10F25000F8F8F0F0F0E0E0E0C0C1010103030100C4
:10F2600000000000081E1F1F1F3F3F3F7F7F7FFFE2
:10F27000FFFFFFFFFFFFFFFFFFFFFFFFFFFFE0803C
:10F28000031F3F7F7FFFFFFFFFFFFFFFFFFFFFFF2A
:10F290007F7F3F3F1F1F0F0703010080C0E0F0F892
:10F2A000FCFCF8F8F0F0E0E0C0C0C0808000000096
:10F2B0000000010101030303FFFFFFFFFFFFFFFF4A
:10F2C000FFFEFCF8F8F0F0F0E0E1E1E0E0E0E0F073
:10F2D000F0F0F0F0F8F8FCFCFEFFFFFFFFFFFFFF8F
:10F2E000FFFFFFFFFFFFFFFFFFFFFFFFFFFFFFFE2F
:10F2F000FEFCFCFCF8F8F0F0FFFFFFFFFFFFFFFF54
:10F30000FFFFFFFFFFFFFFFFFFFFFFFFFFFFFFFF0D
:10F31000FFFFFFFFFFFFFFFFFFFFFFFFFFFFFFFFFD
:10F32000FFFFFFFFFFFFFFFFFFFFFFFFFFFFFFFFED
:10F33000FFFFFFFFFFFFFFFFFFFFFFFFFFFFFFFFDD
:10F34000FFFFFFFFFFFFFFFFFFFFFFFFFFFFFFFFCD
:10F35000FFFF0F070707070707070707070FFFFF4D
:10F36000FFFFFFFFFFFFFFFFFFFFFFFFFFFFFFFFAD
:10F37000FFFFFFFFFFFFFFFFFFFFFFFFFFFFFFFF9D
:10F380007F1F0F0703010100000103070F07070399
:10F390000303000000000000000000000000030361
:10F3A00007070F0F0703010000010103070F1F7F6D
:10F3B000FFFFFFFFFFFFFFFFFFFFFFFFFFFFFFFF5D
:10F3C000FFFE7C0000000000000000000080C0E0A4
:10F3D000E0F0F0F8F8F8F8FCFCF8F8F8F8F0F0E0F5
:10F3E000C0C00000000000000000000038FCFEFF6C
:10F3F000FFFFFFFFFFFFFFFFFFFFFF070303030305
:10F4000003010000000000000000F0FCFEFFFFFF11
:10F41000FFFFFFFFFFFFFFFFFFFFFFFFFFFFFFFFFC
:10F42000FFFFFFFEF8F000000000000000000303F3
:10F430000303030307FFFFFFFFFFFFF0E0E0E0C06F
:10F44000C0800000000000000000071F7FFFFFFFDA
:10F45000FFFFFFFFFFFFFFFFFFFFFFFFFFFFFFFFBC
:10F46000FFFFFF7F1F070000000000000000E0E03A
:10F47000E0E0E0E0F0FFFFFFFFFFFFFFFFFFFFFF27
:10F480007F3F1C0000000000000000000001030797
:10F49000070F0F1F1F1F1F1F1F1F1F1F1F0F0F07EC
:10F4A0000303000000000000000000000C1F3F7F6D
:10F4B000FFFFFFFFFFFFFFFFFFFFFFFFFFFFFFFF5C
:10F4C000FEF8F0E0C080800080C0E0F0E0E0C0C066
:10F4D000C080000000000000000000000000C0C06C
:10F4E000C0E0E0F0E0E0C080008080C0E0F0F8FE26
:10F4F000FFFFFFFFFFFFFFFFFFFFFFFFFFFFFFFF1C
:10F50000FFFFFFFFFFFFFFFFFFFFFFFFFFFFFFFF0B
:10F51000FFFFF0E0E0E0E0E0E0E0E0E0E0F0FFFF4F
:10F52000FFFFFFFFFFFFFFFFFFFFFFFFFFFFFFFFEB
:10F53000FFFFFFFFFFFFFFFFFFFFFF070707C7C733
:10F54000C7C7C7C7C7C7C7070707FFFFFF00000038
:10F55000C7C7C7383838C7C7C73F3F3FFFFFFF009F
:10F560000000C7C7C73F3F3F383838F8F8F8383889
:10F57000383807073F383838383838070707000069
:10F58000F8F8F8F8F8F8F8383838C0C0C0FFFFFFCE
:10F59000070707383838C0C0C0070707000000FF5A
:10F5A000FFFF070707C7C7C7C7C7C7C7C7C707073B
:10F5B00007FFFFFFFFFFFF0000007F7F7F7F7F7F50
:10F5C0007F7F7F000000FFFFFF0000007171718EE0
:10F5D0008E8E0F0F0FF0F0F08F8F8FFEFEFE717189
:10F5E000717E7E7E0E0E0E0F01010E0E0E0EF0F0DD
:10F5F000F0F0F0FE8E8E8EF0F0F00E0E7F717171D5
:10F60000F1F1F10000000F0F0F0101010000008E69
:10F610008E8E7171717E7E7E000000FFFFFF000004
:10F62000007F7F7F7F7F7F7F7F7F000000FFFFFF66
:10F630001F1F1F1C1C1C1C1C1C1C1C1C1C1C1C1C01
:10F640001C1C1F1F1F000000FCFCFC0303031C1CF0
:10F650001C030303FFFFFFE3E3E31C1C1C0000008B
:10F660001C1C1C1C0000FCFCFCFC0303FFFFFFFF38
:10F67000E3E3E31F1F1FE0E0FCFCFCFC030303FCCF
:10F68000FCFC0000001C1C1C0000001F1F1FE0E011
:10F69000E0FCFCFC0000001F1F1F1C1C1C1C1C1C91
:10F6A0001C1C1C1C1C1C1C1C1C1F1F1FF8F8F838E1
:10F6B0003838C0C0C0383838C0C0C0C7C7C7C7C7CF
:10F6C000C7383838C0C0C0FFFFFFC7C7C700000039
:10F6D000070707C7C7C7383838FFFFFFC0C0C0C714
:10F6E000C7C7FFFFFFFFFFFFFF383838383838C083
:10F6F000C0C007073F3F3F3FFFFFFF070707FFFF70
:10F70000FF000000FFFFFFC0C0C0383838C7C7C7C0
:10F71000F8F8F80707073838383F3F3F0000000780
:10F720000707C0C0C03F3F3F0101017070708F8F5D
:10F730008F8080808F8F8F71717171717170707017
:10F740008F8F8F7171710F0F0F7E7E7EFEFEFE0117
:10F7500001017E7E7EFFFFFF7F7F7FFF81817171D0
:10F76000717101017170707E0E0E0E818181FEFE3D
:10F77000FE707070818181F0F0F00101010E0E0EBB
:10F780000101010101010E0E0EFFFFFFFFFFFF70DF
:10F790007070FEFEFE8E8E8E0E0E0E0000007F7FBD
:10F7A0007FFEFEFEE0E0E01C1C1CE3E3E30303033A
:10F7B0000303030000001C1C1C0000001F1F1F008F
:10F7C0000000FCFCFC0000001F1F1F1C1C1C000094
:10F7D000001F1F1FFCFCFCFFFFFF1C1C1C1C00006B
:10F7E000E0E0E0FC1C1C1CFFFFFFE3E3E300000083
:10F7F0001F1F1F0303031C1C1CFCFCFC000000FC5F
:10F80000FCFCFCFCFC030303FFFFFF0000001F1FC8
:10F810001FE3E3E3FCFCFCE0E0E0E0E0E0E3E3E343
:10F82000F8F8F83F3F3FC0C0C0FFFFFF3838380747
:10F830000707C7C7C7C0C0C0C0C0C038383800003D
:10F84000000000000000003F3F3FFFFFFF000000FE
:10F8500000000007F7F737B7B7B7B0B0B7B7B7B71B
:10F86000B0B0B0B7B737F0F018F8F8F807070707E7
:10F870000707FFFFFFF8F8F83F3F3F000000FFFFDA
:10F88000FF3F3F3F3F3F3F383838FFFFFFF8F8F872
:10F89000C7C7C7070707000000F8F8F88F8F8F8EDB
:10F8A0008E8E7F7F7F71717100000080808071710A
:10F8B000717F7F7F0F0F0F7E7E7E7070700E0E0E39
:10F8C000F0F0F08E8E8E7F7F7F0E0E0E7E7E7E009D
:10F8D000FFFF00FFFFFFFFFF0F0F0F0FFFFFFFFFF7
:10F8E000FF00FFFF008181818E8E8E0000008181EC
:10F8F00081F1F1F10E0E0E8E8E8EFFFFFF0E0E0EB9
:10F900000E0E0E0E0E0E8181817F7F7FF1F1F17060
:10F9100070707070700101011F1F1FFFFFFFFCFC62
:10F92000FC0000000000001F1F1F1C1C1CE0E0E08A
:10F93000FCFCFCFCFCFCFCFCFCFCFCFCFFFFFFFFFB
:10F94000FFFF0000000000001C1C1C00FFFFC0DFC8
:10F95000DFDFDFDFDFDFDFDFDFDFDFDFDFC0FFFF96
:10F9600000030303E3E3E3FCFCFC1F1F1F0303038B
:10F970001C1C1CFFFFFFE3E3E3FCFCFC1C1C1CE065
:10F98000E0E0E3E3E3000000E3E3E3FCFCFCE0E0B1
:10F99000E0000000C0C0C0000000C7C7C7000000F2
:10F9A000383838383838C7C7C7383838070707C72E
:10F9B000C7C7F8F8F83F3F3F070707C0C0C0F8F8CF
:10F9C000F8000000C0C0C0F8F8F8FFFFFFFFF8F82B
:10F9D000FF3F3FFFC7C7C7C7C7C7FFFFFFF8F8F81C
:10F9E000C0C0C0F8F8F8FFFFFFFFFFFF383838FF4E
:10F9F000FFFF383838C7C7C7383838FFFFFF3F3FE9
:10FA00003F3838383F3F3F07070700000038383895
:10FA10008F8F8F7E7E7E7F7F7FF0F0F0F0F0F00E94
:10FA20000E0E717171F0F0F08E8E8E7F7F7F8F8F52
:10FA30008F000000707070F1F1F1F1F1F1F0F0F071
:10FA4000717171F1F1F17F7F7F7FFFFFFF7070F1C6
:10FA5000F1F1F1FFFFFF8F8F8F81818181818171B2
:10FA600071717171718F8F8F7070707F7F7F7E7EEB
:10FA70007E7171710000007171718080808E8E8E38
:10FA80007E7E7EFEFEFE8E8E8E808080FFFFFF1CBF
:10FA90001C1C1C1C1C030303E3E3E3E0E0E01C1C50
:10FAA0001CE3E3E3E3E3E31C1C1C1F1F1FFCFCFC43
:10FAB0000000001F1F1FE3E3E3030303E0E0E0FF98
:10FAC0001F1F000000000303FFFCFCFFFFFFFFFF00
:10FAD000FFFFE3E3E3030303FFFFFFFCFCFCE0E0C5
:10FAE000E0FFFFFF1C1C1C1C1C1C1C1C1C0000003D
:10FAF0001C1C1CE0E0E0FFFFFF0303030000001FED
:10FB00001F1FFFFFFF1F1F1FC7C7C7C0C0C0C7C73A
:10FB1000C7C0C0C0C0C0C0C0C0C0C7C7C7070707F4
:10FB2000383838000000383838F8F8F8C7C7C7C088
:10FB3000C0C0FFFFFFFFFFFFF8F8F8FF0707F8F866
:10FB4000F8F80000FFFFFFFFC7C7C73F3F3F0707A9
:10FB5000C7C0C0C0000000C7C7C7F8F8F8C0C0C021
:10FB6000070707F8F8F8C0C0C0FFFFFF070707C77F
:10FB7000C7C7070707FFFFFF3838383F3F3F383810
:10FB800038000000FFFFFF010101F1F1F1F1F1F197
:10FB9000F1F1F1010101FFFFFF0000000E0E0E0068
:10FBA0000000FEFEFE0101010F0F0F7F7F7F7171CC
:10FBB000717171717F7F7F7F0E0E7F7F7F7FFEFE71
:10FBC000FF0F0F7F717171FEFEFEF0F0F171717128
:10FBD000FEFEFE0F0F0FF1F1F10F0F0FF0F0F071BD
:10FBE0007171FFFFFF7F7F7F707070717171F0F036
:10FBF000F07F7F7F0E0E0E0000007E7E7E80808074
:10FC0000FFFFFF0000001F1F1F1F1F1F1F1F1F00E0
:10FC10000000FFFFFF0000000000000000000303E1
:10FC200003000000FCFCFCE0E0E0E0E0E0FCFCFCA9
:10FC30000000001C1C1C0000000003031F1C1C1CF7
:10FC40001C1C1C1F1F1F1F1FFFFCFCFC030303FCCD
:10FC5000FCFC1F1F1FFCFCFC1F1F1FE0E0E01F1F20
:10FC60001F000000FCFCFC1C1C1C1F1F1FFCFCFCDC
:10FC70001C1C1CE0E0E01C1C1CE3E3E30707070777
:10FC80000707070707070707070707070707070704
:10FC90000700000000000000000000000007070748
:10FCA0000000000000000000000707070707070723
:10FCB0000000000000000000000000070707070721
:10FCC0000707000000000000070707000000070703
:10FCD0000700000007070700000000000000000008
:10FCE00000000000000007070707070707070700D5
:10FCF0000000000000000000000000000000000004
:10FD000000000000000000000000000000000000F3
:10FD100000000000000000000000000000000000E3
:10FD200000000000000000000000000000000000D3
:10FD300000000000000000000000000000000000C3
:10FD400000000000000000000000000000000000B3
:10FD500000000000000000000000000000000000A3
:10FD60000000000000000000000000000000000093
:10FD70000000000000000000000000000000000083
:10FD800000000000000080C0E0E0E0E0E0E0E0E033
:10FD9000E0E0E0E0E0E0E060200000E0E0E0E0E063
:10FDA000E0E0E0E0E0E0E0C08000000000000000F3
:10FDB0000000000000000000000000000000000043
:10FDC0000000000000000000000000000000000033
:10FDD0000000000000000000000000000000000023
:10FDE0000000000000000000000000000000000013
:10FDF0000000000000000000000000000000000003
:10FE00000000000000FFFFFFFFFFFFFFFFFFFFFFFD
:10FE1000FF7F3F0F0703000000383F3F3F3F3F3F5A
:10FE20003F3F3F3F3F3F3F3F3F3F0000000000005C
:10FE300000000000000000000000000000000000C2
:10FE400000000000000000000000000000000000B2
:10FE500000000000000000000000000000000000A2
:10FE60000000000000000000000000000000000092
:10FE70000000000000000000000000000000000082
:10FE80000000000000FFFFFFFFFFFF7F3F1F070391
:10FE90000100000000000000F8FCFE0F0707070744
:10FEA000070FFEFCF80000FEFFFE0000000000004F
:10FEB00000F8FCFEDFC7C7C7C7C7C7C20000FEFF08
:10FEC000FF070707070F1EFEFCF000000000000000
:10FED000000000000000FEFFFE0000000000FEFF2A
:10FEE000FE000000FEFFFE00000000000000000019
:10FEF0000000000000000000000000000000000002
:10FF00000000000000FFFFFFFFFFFCFCFCFCFCFC0E
:10FF1000FCFCFCFC7C000000070F1F3C3838383824
:10FF2000383C1F0F0700000F1F3F38383838381093
:10FF300000070F1F3D3939393939391000001F3F8B
:10FF40003F383838383C1E1F0F0300000000000007
:10FF50000000000000000F1F3F3C3838383C3F1FB6
:10FF60000F0000001F3F1F00000000000000000005
:10FF70000000000000000000000000000000000081
:10FF800000000000003F7FFFFFFFFFFFFFFFFFFFBC
:10FF9000FFFF7F070080C0E0F0F8FCFEFFFFFFFFDF
:10FFA000FFFFFFFFFFFFFFFF7F3F0000000000009B
:10FFB0000000000000000000000000000000000041
:10FFC0000000000000000000000000000000000031
:10FFD0000000000000000000000000000000000021
:10FFE0000000000000000000000000000000000011
:10FFF0000000000000000000000000000000000001
:020000040801F1
:1000000000000000000000000101010101010101E8
:1000100001010000010101010101010101010101D2
:1000200001010101010101000000000000000000C9
:1000300000000000000000000000000000000000C0
:1000400000000000000000000000000000000000B0
:1000500000000000000000000000000000000000A0
:100060000000000000000000000000000000000090
:100070000000000000000000000000000000000080
:100080000000000000000000000000000000000070
:100090000000000000000000000000000000000060
:1000A0000000000000000000000000000000000050
:1000B0000000000000000000000000000000000040
:1000C0000000000000000000000000000000000030
:1000D0000000000000000000000000000000000020
:1000E0000000000000000000000000000000000010
:1000F0000000000000000000000000000000000000
:1001000000000000000000000000000000000000EF
:100110000000000000F0F87C1C1E0E0E0E0E1E1CCF
:100120001C1C3878F0E08000000000000000F7F7A9
:10013000F70707070FEFEFCE0E0E0E0E0EDFDFDF15
:10014000000000000000000F0F1F1C1C1C1C1F3FA4
:100150003F38383838787F7F7F000000000000008B
:1001600038383838383870707070707070F0F0FF50
:10017000FFFF00000000000000FCFECE8F87870715
:100180000F0F0E0E0E0E1C1CF8F8F0000000000001
:10019000000000010303070707070F0F0F0E0E0EE5
:1001A0000F070703000000000000007CFEEECFCF29
:1001B000CECEFCF8FC8E8E8E0E8EBCF8F0000000C9
:1001C00000000000F0F8B93D3D393970F1E1C38716
:1001D000070707F7F3E10000000000000061E3E714
:1001E000E7E0E0E0C0C0C1C3C7C7CE8E9F9F9F00BD
:1001F0000000000000001C393B7070E0E1C1C1C18B
:10020000C1E1E3E3E3F37373000000000000008E3C
:10021000CFEFE7E7E7C78383C3C7CFCECEDC9CB879
:1002200038000000000000000F1F1DB8B838391F4B
:100230001F3F717171F171777F3E00000000000077
:10024000003E7FF7E70707070E1E3C7870E0E0C02E
:10025000FEFEFC000000000000000C3C7C1C1C1C8E
:100260001C1838383838383971737373000000003F
:10027000000000000000000000000000000000007E
:100280000000000000000000000000000000F0F886
:10029000381C1C3CF8F0000000000E0E0E0ECFCFF4
:1002A000CFCECECFCF8F00000000000000007171D4
:1002B000717171717F3F0000000080808080BCFE02
:1002C000CE8E8E8E8E8E00000000C3C3C3C3F3F3A8
:1002D000C3C3C3C3F3F300000000717171017777EA
:1002E00071717171717100000000E0F8FC3C000058
:1002F0007E7E0E1EFCF80000000003070F1F1E1C70
:100300001C1C1E1F0F07000000000000E0E0E0E0E2
:10031000E0C0C0C0C0C0C0E0E080808080000000BD
:10032000000000000000008081C10307070F1DB915
:10033000B9FFFF03030303030000000000000000F7
:100340000F1F3B71707060FEFFE3C3C3C3C7E7EECE
:100350007E3800000000000000008787CECEFCFC45
:10036000F8787070F1F9F9989C1C1C0C00000000E2
:1003700000000000E3F37939383870E0C070707124
:10038000717377E7CE8E000000000000000081C787
:10039000E7EEEEEECEC7870E1C1C1C1C1C9E8F8742
:1003A0000000000000000000878F9C9C808081017D
:1003B00003070E1C1C38387F7F7F00000000000000
:1003C000000001070F0303030307070707070706DA
:1003D0000E0E0E0C00000000FCFCFCFCF8F000000F
:1003E000000000000000000000000000000000000D
:1003F0000000000000000000FFFFFFFFFFFFFCFC0B
:10040000F8F8F0F0F8FCFEFFFFFEFEFCF8F0E080EC
:10041000000000000000000007070707070F0F1F7C
:100420001F3F7FFFFFFFFFFFFFFFFFFFC70301002D
:1004300000000000000000000000000000000000BC
:100440000000000107FFFFFFFFFFFFFFFFFFFCFCB5
:10045000FCFCFCFCF80000000000000000000000B4
:1004600000000080E0FFFFFFFFFFFFFFFFFF3F3FB7
:100470003F3F3F1F1F000000E0E0E0E0E0F0F0F849
:10048000FCFCFFFFFFFFFFFFFFFFFFFFF3E0C0806B
:100490000000000000000000FFFFFFFFFFFF7F3FA4
:1004A0003F1F1F0F0F1F3F7FFF7F7F3F1F0F070162
:1004B00000000000000000003F3F3F3F1F0F000012
:1004C000000000000000000000000000000000002C
:1004D00000000000000000000006101600061016C4
:1004E00000000000000000000102030406070809E4
:1004F00000000000010203041D8200083983000887
:10050000A9820008458300083D8200080000000021
:100510004FBB610567ACDD3F182D4454FB21E93F1B
:100520009BF681D20B73EF3F182D4454FB21F93F0A
:10053000E2652F227F2B7A3C075C143326A6813C90
:10054000BDCBF07A8807703C075C143326A6913C3B
:10055000C4EB98999999C9BF711623FEC671BCBFA7
:100560006D9A74AFF2B0B3BF9AFDDE522DDEADBF0F
:100570002F6C6A2C44B4A2BF0D5555555555D53F27
:10058000FF8300922449C23F6E204CC5CD45B73F42
:10059000513DD0A0660DB13FEB0D76244B7BA93FBA
:1005A00011DA22E33AAD903F0000000000000000A5
:1005B000B8D0D0BBB9DBBFB42CD2BBBCFCC8FDC12A
:1005C000AC21205468616E6B7320666F7220776176
:1005D000746368696E672C20746872656520636C4B
:1005E00069636B73210000002C2E5B5D2140232486
:1005F0002B2D2F5E262A28290000000031323334AB
:1006000035363738393000002053544D33324730B7
:10061000333100004974656D310000004974656D27
:10062000320000004974656D330000004974656D47
:100630003400000031203220332034203520362091
:1006400037203820392031302031312031322031EB
:1006500033203134203135004974656D3500000098
:100660004974656D3600000020524F4D3A36344BC8
:10067000420000002052414D3A384B420000000039
:100680002053483131303620313238783634204FDB
:100690004C45440020486172645761726520535094
:1006A00049000000B9D8D3DA4F4C454420554900E1
:1006B0002068747470733A2F2F6769746875622E9E
:1006C000636F6D2F626474682D373737373737376C
:1006D0002F4F4C45445F5549000000006162636440
:1006E00065666768696A6B6C6D6E6F707172737442
:1006F00075767778797A4142434445464748494A76
:100700004B4C4D4E4F505152535455565758595AC1
:10071000000000004142434445464748494A4B4C8B
:100720004D4E4F505152535455565758595A000038
:100730002D5B43503A5D00002D5B4D43553A5D0003
:100740002D5B53637265656E3A5D00002D5B4175EC
:1007500074686F723A5D00002D5B4164726573735B
:100760003A5D00005BB7B5BBD85D00004D6F7265A8
:1007700000000000D7D6CCE5B8DFB6C832306465DB
:100780006D6F0000D7D6CCE5B8DFB6C831326465EE
:100790006D6F0000D7D6CCE5B8DFB6C831366465DA
:1007A0006D6F0000D7D6CCE5B8DFB6C83864656D8C
:1007B0006F000000B3ACD0A1C7F8D3F2B2CBB5A59F
:1007C00064656D6F00000000BBD8B5AFB6AFBBADC0
:1007D00064656D6F00000000B3ACB3A4CEC4B1BEBD
:1007E00064656D6F00000000BFD5B4B0BFDA64650A
:1007F0006D6F0000CEC4D7D6B4B0BFDA64656D6F3C
:1008000000000000B8A1B5E3CAFDBDF8B6C8CCF53C
:10081000B4B0BFDA64656D6F00000000D5FBCAFD9F
:10082000BDF8B6C8CCF5B4B0BFDA64656D6F000032
:10083000B3ACB3A4B2CBB5A5C1D0B1ED64656D6F57
:100840000000000053657474696E67730000000057
:1008500057654368617400004E6967687400000062
:100860005665727920566572792056657279204CEA
:100870006F6E6720456E676C697368205465787485
:1008800000000000BCC6CBE3C6F72043616C6320C8
:10089000B3A4CEC4B1BEB2E2CAD4204C6F6E6754CA
:1008A00065787400CEC4D7D67465787400000000F3
:1008B000416C6970617900006162636465666768B4
:1008C000696A6B6C6D6E6F70717273747576777820
:1008D000797A0000B4CBC9E8B1B80000BADAB0B593
:1008E000C4A3CABD00000000B7C7B3A3B7C7B3A372
:1008F000B7C7B3A3B3A4D6D0CEC4CEC4B1BE000094
:10090000D6D0CEC4CEC4B1BE00000000C6C1C4BBA8
:10091000C1C1B6C8C6C1C4BBC1C1B6C800000000D1
:10092000CFD4CABED6A1C2CA00000000B8A1B5E3A8
:10093000CAFDBEDDB2E2CAD400000000D5FBCAFD8C
:10094000CAFDBEDDB2E2CAD4000000002062696CBC
:100950006962696C692040C9CF6E6DCDF8BFCEC4A5
:10096000D8000000840901080000002014110000D4
:10097000200900088C0C010814110020C419000083
:100980004899000831333F011250321C2B80400C33
:10099000160C0901080C12047203139C1022204B40
:1009A000A040041C7F43031C7208A938012C124B81
:1009B0007A12382BA408701208022302A970CA2CDC
:1009C000A819A42125CDCCCC3D1BC8C2040A1642CF
:1009D000A8DA3CE03A043C0B12803F381A449C39B8
:1009E0005D4A0D604BB8E41B5A5018814BB8E518AE
:1009F000EAB0184AE618EA84184AE718DA58184B99
:100A000038E8184B6C07185AF8785A383001181A19
:100A100018D40B10850C249ADC604B9A104C39D0FA
:100A20001930819A9B185AD4305A6878814BA406A1
:100A300018DAB018CBB005C0811A64C00B1C0B606B
:100A4000B4B9F859F001105A087801100A15741851
:100A50000A1568180A1540600A1580300A153030EA
:100A60000A159430092EF00A154C600B144C091825
:100A70000A1558300A45B0900916305AA478134028
:100A80000EC2205A8418DA88185A9418DAD0185AE4
:100A90007418CB180F185AD818DA60185AC818DA10
:100AA000A8184B300818DAF0185AB430CB381018A0
:100AB0001AE8180B108516D81AF4180B10958A1816
:100AC0001A04600A1175181A1C180A1185180118E1
:100AD0001A64600B110B60304A09A801105A74D8CF
:100AE00001100B14FC05185A14F001100A15B8482F
:100AF0000A15E84809FDC009FDC00941C0098E90EA
:100B000001171A6460130B60F9340A15E8600A15BE
:100B100060180B143406180A15DC18092E90110AF7
:100B20001409480A1574900B14FC05181A14600176
:100B3000140A15B8480A15E848098F9001171A6475
:100B400060130B60F9340B141406480A151C180ABC
:100B50001524180A152C180A1558180A15601809B2
:100B60002EC0110A1409480B147408180B14FC0544
:100B7000181A146001140A15B8480A15E848098FB4
:100B800090011752011480400552101320013320A8
:100B90000513AD3E091548128012401A20020913B0
:100BA0001C134001120C13D80C1B20C8482A0460E7
:100BB0003A894862421ABE08138042130104021D9A
:100BC000021C8040044813200D4C20880248AB9141
:100BD0000A904AC848110928484B780348AB79095C
:100BE000480A27D24869D84B08044859184A3F0494
:100BF000110A2643D81A017F1AF8901358050312D8
:100C000020050929483A0C48AB1806900932483AA1
:100C100010481AD848899069D823FC420A25784898
:100C20003A14481398070B41200AD80B3DE808D81E
:100C30004A01480B3D78094859900B44C80A4813AB
:100C4000880B9320064B2041042370420C1F104256
:100C500001485A0101B91411021F64138D171B08B2
:100C600097041A85041A9304393F29451A0205147A
:100C70000301021A04531A057A140602018A075D59
:0C0C80003A105E314B24F408F100000033
:040000050800018965
:00000001FF
